#Uploaded_variation,Location,Allele,Consequence,IMPACT,SYMBOL,Gene,Feature_type,Feature,BIOTYPE,EXON,INTRON,HGVSc,HGVSp,cDNA_position,CDS_position,Protein_position,Amino_acids,Codons,Existing_variation,DISTANCE,STRAND,FLAGS,SYMBOL_SOURCE,HGNC_ID,MANE,TSL,APPRIS,SIFT,PolyPhen,AF,CLIN_SIG,SOMATIC,PHENO,PUBMED,MOTIF_NAME,MOTIF_POS,HIGH_INF_POS,MOTIF_SCORE_CHANGE
NM_006194.3(PAX9):c.-719C>T,14:37126780-37126780,T,upstream_gene_variant,MODIFIER,PAX9,ENSG00000198807,Transcript,ENST00000361487.6,protein_coding,-,-,-,-,-,-,-,-,-,rs147254306,4290,1,-,HGNC,8623,-,-,-,-,-,-,uncertain_significance,-,1,-,-,-,-,-
NM_006194.3(PAX9):c.-719C>T,14:37126780-37126780,T,5_prime_UTR_variant,MODIFIER,PAX9,ENSG00000198807,Transcript,ENST00000402703.2,protein_coding,5-Jan,-,-,-,8,-,-,-,-,rs147254306,-,1,-,HGNC,8623,-,-,-,-,-,-,uncertain_significance,-,1,-,-,-,-,-
NM_006194.3(PAX9):c.-719C>T,14:37126780-37126780,T,non_coding_transcript_exon_variant,MODIFIER,PAX9,ENSG00000198807,Transcript,ENST00000553267.1,processed_transcript,2-Jan,-,-,-,8,-,-,-,-,rs147254306,-,1,-,HGNC,8623,-,-,-,-,-,-,uncertain_significance,-,1,-,-,-,-,-
NM_006194.3(PAX9):c.-719C>T,14:37126780-37126780,T,upstream_gene_variant,MODIFIER,PAX9,ENSG00000198807,Transcript,ENST00000554201.1,protein_coding,-,-,-,-,-,-,-,-,-,rs147254306,4999,1,-,HGNC,8623,-,-,-,-,-,-,uncertain_significance,-,1,-,-,-,-,-
NM_006194.3(PAX9):c.-719C>T,14:37126780-37126780,T,"intron_variant,non_coding_transcript_variant",MODIFIER,RP11-964E11.2,ENSG00000258661,Transcript,ENST00000555107.1,antisense,-,1-Jan,-,-,-,-,-,-,-,rs147254306,-,-1,-,Clone_based_vega_gene,-,-,-,-,-,-,-,uncertain_significance,-,1,-,-,-,-,-
NM_006194.3(PAX9):c.-719C>T,14:37126780-37126780,T,upstream_gene_variant,MODIFIER,PAX9,ENSG00000198807,Transcript,ENST00000555639.1,processed_transcript,-,-,-,-,-,-,-,-,-,rs147254306,96,1,-,HGNC,8623,-,-,-,-,-,-,uncertain_significance,-,1,-,-,-,-,-
NM_006194.3(PAX9):c.-719C>T,14:37126780-37126780,T,regulatory_region_variant,MODIFIER,-,-,RegulatoryFeature,ENSR00001566503,-,-,-,-,-,-,-,-,-,-,rs147254306,-,-,-,-,-,-,-,-,-,-,-,uncertain_significance,-,1,-,-,-,-,-
NM_006194.3(PAX9):c.-656C>G,14:37126843-37126843,G,upstream_gene_variant,MODIFIER,PAX9,ENSG00000198807,Transcript,ENST00000361487.6,protein_coding,-,-,-,-,-,-,-,-,-,rs374248332,4227,1,-,HGNC,8623,-,-,-,-,-,0.004,uncertain_significance,-,1,-,-,-,-,-
NM_006194.3(PAX9):c.-656C>G,14:37126843-37126843,G,5_prime_UTR_variant,MODIFIER,PAX9,ENSG00000198807,Transcript,ENST00000402703.2,protein_coding,5-Jan,-,-,-,71,-,-,-,-,rs374248332,-,1,-,HGNC,8623,-,-,-,-,-,0.004,uncertain_significance,-,1,-,-,-,-,-
NM_006194.3(PAX9):c.-656C>G,14:37126843-37126843,G,non_coding_transcript_exon_variant,MODIFIER,PAX9,ENSG00000198807,Transcript,ENST00000553267.1,processed_transcript,2-Jan,-,-,-,71,-,-,-,-,rs374248332,-,1,-,HGNC,8623,-,-,-,-,-,0.004,uncertain_significance,-,1,-,-,-,-,-
NM_006194.3(PAX9):c.-656C>G,14:37126843-37126843,G,upstream_gene_variant,MODIFIER,PAX9,ENSG00000198807,Transcript,ENST00000554201.1,protein_coding,-,-,-,-,-,-,-,-,-,rs374248332,4936,1,-,HGNC,8623,-,-,-,-,-,0.004,uncertain_significance,-,1,-,-,-,-,-
NM_006194.3(PAX9):c.-656C>G,14:37126843-37126843,G,"intron_variant,non_coding_transcript_variant",MODIFIER,RP11-964E11.2,ENSG00000258661,Transcript,ENST00000555107.1,antisense,-,1-Jan,-,-,-,-,-,-,-,rs374248332,-,-1,-,Clone_based_vega_gene,-,-,-,-,-,-,0.004,uncertain_significance,-,1,-,-,-,-,-
NM_006194.3(PAX9):c.-656C>G,14:37126843-37126843,G,upstream_gene_variant,MODIFIER,PAX9,ENSG00000198807,Transcript,ENST00000555639.1,processed_transcript,-,-,-,-,-,-,-,-,-,rs374248332,33,1,-,HGNC,8623,-,-,-,-,-,0.004,uncertain_significance,-,1,-,-,-,-,-
NM_006194.3(PAX9):c.-656C>G,14:37126843-37126843,G,regulatory_region_variant,MODIFIER,-,-,RegulatoryFeature,ENSR00001566503,-,-,-,-,-,-,-,-,-,-,rs374248332,-,-,-,-,-,-,-,-,-,-,0.004,uncertain_significance,-,1,-,-,-,-,-
NM_006194.3(PAX9):c.-553C>A,14:37126946-37126946,A,upstream_gene_variant,MODIFIER,PAX9,ENSG00000198807,Transcript,ENST00000361487.6,protein_coding,-,-,-,-,-,-,-,-,-,rs750417470,4124,1,-,HGNC,8623,-,-,-,-,-,-,uncertain_significance,-,1,-,-,-,-,-
NM_006194.3(PAX9):c.-553C>A,14:37126946-37126946,A,5_prime_UTR_variant,MODIFIER,PAX9,ENSG00000198807,Transcript,ENST00000402703.2,protein_coding,5-Jan,-,-,-,174,-,-,-,-,rs750417470,-,1,-,HGNC,8623,-,-,-,-,-,-,uncertain_significance,-,1,-,-,-,-,-
NM_006194.3(PAX9):c.-553C>A,14:37126946-37126946,A,non_coding_transcript_exon_variant,MODIFIER,PAX9,ENSG00000198807,Transcript,ENST00000553267.1,processed_transcript,2-Jan,-,-,-,174,-,-,-,-,rs750417470,-,1,-,HGNC,8623,-,-,-,-,-,-,uncertain_significance,-,1,-,-,-,-,-
NM_006194.3(PAX9):c.-553C>A,14:37126946-37126946,A,upstream_gene_variant,MODIFIER,PAX9,ENSG00000198807,Transcript,ENST00000554201.1,protein_coding,-,-,-,-,-,-,-,-,-,rs750417470,4833,1,-,HGNC,8623,-,-,-,-,-,-,uncertain_significance,-,1,-,-,-,-,-
NM_006194.3(PAX9):c.-553C>A,14:37126946-37126946,A,"intron_variant,non_coding_transcript_variant",MODIFIER,RP11-964E11.2,ENSG00000258661,Transcript,ENST00000555107.1,antisense,-,1-Jan,-,-,-,-,-,-,-,rs750417470,-,-1,-,Clone_based_vega_gene,-,-,-,-,-,-,-,uncertain_significance,-,1,-,-,-,-,-
NM_006194.3(PAX9):c.-553C>A,14:37126946-37126946,A,non_coding_transcript_exon_variant,MODIFIER,PAX9,ENSG00000198807,Transcript,ENST00000555639.1,processed_transcript,3-Jan,-,-,-,71,-,-,-,-,rs750417470,-,1,-,HGNC,8623,-,-,-,-,-,-,uncertain_significance,-,1,-,-,-,-,-
NM_006194.3(PAX9):c.-553C>A,14:37126946-37126946,A,regulatory_region_variant,MODIFIER,-,-,RegulatoryFeature,ENSR00001566503,-,-,-,-,-,-,-,-,-,-,rs750417470,-,-,-,-,-,-,-,-,-,-,-,uncertain_significance,-,1,-,-,-,-,-
NM_006194.3(PAX9):c.-488C>T,14:37127011-37127011,T,upstream_gene_variant,MODIFIER,PAX9,ENSG00000198807,Transcript,ENST00000361487.6,protein_coding,-,-,-,-,-,-,-,-,-,rs756143266,4059,1,-,HGNC,8623,-,-,-,-,-,-,uncertain_significance,-,1,-,-,-,-,-
NM_006194.3(PAX9):c.-488C>T,14:37127011-37127011,T,5_prime_UTR_variant,MODIFIER,PAX9,ENSG00000198807,Transcript,ENST00000402703.2,protein_coding,5-Jan,-,-,-,239,-,-,-,-,rs756143266,-,1,-,HGNC,8623,-,-,-,-,-,-,uncertain_significance,-,1,-,-,-,-,-
NM_006194.3(PAX9):c.-488C>T,14:37127011-37127011,T,non_coding_transcript_exon_variant,MODIFIER,PAX9,ENSG00000198807,Transcript,ENST00000553267.1,processed_transcript,2-Jan,-,-,-,239,-,-,-,-,rs756143266,-,1,-,HGNC,8623,-,-,-,-,-,-,uncertain_significance,-,1,-,-,-,-,-
NM_006194.3(PAX9):c.-488C>T,14:37127011-37127011,T,upstream_gene_variant,MODIFIER,PAX9,ENSG00000198807,Transcript,ENST00000554201.1,protein_coding,-,-,-,-,-,-,-,-,-,rs756143266,4768,1,-,HGNC,8623,-,-,-,-,-,-,uncertain_significance,-,1,-,-,-,-,-
NM_006194.3(PAX9):c.-488C>T,14:37127011-37127011,T,"intron_variant,non_coding_transcript_variant",MODIFIER,RP11-964E11.2,ENSG00000258661,Transcript,ENST00000555107.1,antisense,-,1-Jan,-,-,-,-,-,-,-,rs756143266,-,-1,-,Clone_based_vega_gene,-,-,-,-,-,-,-,uncertain_significance,-,1,-,-,-,-,-
NM_006194.3(PAX9):c.-488C>T,14:37127011-37127011,T,non_coding_transcript_exon_variant,MODIFIER,PAX9,ENSG00000198807,Transcript,ENST00000555639.1,processed_transcript,3-Jan,-,-,-,136,-,-,-,-,rs756143266,-,1,-,HGNC,8623,-,-,-,-,-,-,uncertain_significance,-,1,-,-,-,-,-
NM_006194.3(PAX9):c.-488C>T,14:37127011-37127011,T,regulatory_region_variant,MODIFIER,-,-,RegulatoryFeature,ENSR00001566503,-,-,-,-,-,-,-,-,-,-,rs756143266,-,-,-,-,-,-,-,-,-,-,-,uncertain_significance,-,1,-,-,-,-,-
NM_006194.3(PAX9):c.-394+15G>C,14:37127120-37127120,C,upstream_gene_variant,MODIFIER,PAX9,ENSG00000198807,Transcript,ENST00000361487.6,protein_coding,-,-,-,-,-,-,-,-,-,rs886050486,3950,1,-,HGNC,8623,-,-,-,-,-,-,uncertain_significance,-,1,-,-,-,-,-
NM_006194.3(PAX9):c.-394+15G>C,14:37127120-37127120,C,intron_variant,MODIFIER,PAX9,ENSG00000198807,Transcript,ENST00000402703.2,protein_coding,-,4-Jan,-,-,-,-,-,-,-,rs886050486,-,1,-,HGNC,8623,-,-,-,-,-,-,uncertain_significance,-,1,-,-,-,-,-
NM_006194.3(PAX9):c.-394+15G>C,14:37127120-37127120,C,"intron_variant,non_coding_transcript_variant",MODIFIER,PAX9,ENSG00000198807,Transcript,ENST00000553267.1,processed_transcript,-,1-Jan,-,-,-,-,-,-,-,rs886050486,-,1,-,HGNC,8623,-,-,-,-,-,-,uncertain_significance,-,1,-,-,-,-,-
NM_006194.3(PAX9):c.-394+15G>C,14:37127120-37127120,C,upstream_gene_variant,MODIFIER,PAX9,ENSG00000198807,Transcript,ENST00000554201.1,protein_coding,-,-,-,-,-,-,-,-,-,rs886050486,4659,1,-,HGNC,8623,-,-,-,-,-,-,uncertain_significance,-,1,-,-,-,-,-
NM_006194.3(PAX9):c.-394+15G>C,14:37127120-37127120,C,"intron_variant,non_coding_transcript_variant",MODIFIER,RP11-964E11.2,ENSG00000258661,Transcript,ENST00000555107.1,antisense,-,1-Jan,-,-,-,-,-,-,-,rs886050486,-,-1,-,Clone_based_vega_gene,-,-,-,-,-,-,-,uncertain_significance,-,1,-,-,-,-,-
NM_006194.3(PAX9):c.-394+15G>C,14:37127120-37127120,C,"intron_variant,non_coding_transcript_variant",MODIFIER,PAX9,ENSG00000198807,Transcript,ENST00000555639.1,processed_transcript,-,2-Jan,-,-,-,-,-,-,-,rs886050486,-,1,-,HGNC,8623,-,-,-,-,-,-,uncertain_significance,-,1,-,-,-,-,-
NM_006194.3(PAX9):c.-394+15G>C,14:37127120-37127120,C,regulatory_region_variant,MODIFIER,-,-,RegulatoryFeature,ENSR00001566503,-,-,-,-,-,-,-,-,-,-,rs886050486,-,-,-,-,-,-,-,-,-,-,-,uncertain_significance,-,1,-,-,-,-,-
NM_006194.3(PAX9):c.-338C>T,14:37130957-37130957,T,upstream_gene_variant,MODIFIER,PAX9,ENSG00000198807,Transcript,ENST00000361487.6,protein_coding,-,-,-,-,-,-,-,-,-,rs886050487,113,1,-,HGNC,8623,-,-,-,-,-,-,uncertain_significance,-,1,-,-,-,-,-
NM_006194.3(PAX9):c.-338C>T,14:37130957-37130957,T,5_prime_UTR_variant,MODIFIER,PAX9,ENSG00000198807,Transcript,ENST00000402703.2,protein_coding,5-Feb,-,-,-,389,-,-,-,-,rs886050487,-,1,-,HGNC,8623,-,-,-,-,-,-,uncertain_significance,-,1,-,-,-,-,-
NM_006194.3(PAX9):c.-338C>T,14:37130957-37130957,T,non_coding_transcript_exon_variant,MODIFIER,PAX9,ENSG00000198807,Transcript,ENST00000553267.1,processed_transcript,2-Feb,-,-,-,389,-,-,-,-,rs886050487,-,1,-,HGNC,8623,-,-,-,-,-,-,uncertain_significance,-,1,-,-,-,-,-
NM_006194.3(PAX9):c.-338C>T,14:37130957-37130957,T,upstream_gene_variant,MODIFIER,PAX9,ENSG00000198807,Transcript,ENST00000554201.1,protein_coding,-,-,-,-,-,-,-,-,-,rs886050487,822,1,-,HGNC,8623,-,-,-,-,-,-,uncertain_significance,-,1,-,-,-,-,-
NM_006194.3(PAX9):c.-338C>T,14:37130957-37130957,T,upstream_gene_variant,MODIFIER,RP11-964E11.2,ENSG00000258661,Transcript,ENST00000555107.1,antisense,-,-,-,-,-,-,-,-,-,rs886050487,2951,-1,-,Clone_based_vega_gene,-,-,-,-,-,-,-,uncertain_significance,-,1,-,-,-,-,-
NM_006194.3(PAX9):c.-338C>T,14:37130957-37130957,T,"intron_variant,non_coding_transcript_variant",MODIFIER,PAX9,ENSG00000198807,Transcript,ENST00000555639.1,processed_transcript,-,2-Jan,-,-,-,-,-,-,-,rs886050487,-,1,-,HGNC,8623,-,-,-,-,-,-,uncertain_significance,-,1,-,-,-,-,-
NM_006194.3(PAX9):c.-338C>T,14:37130957-37130957,T,upstream_gene_variant,MODIFIER,PAX9,ENSG00000198807,Transcript,ENST00000557107.1,processed_transcript,-,-,-,-,-,-,-,-,-,rs886050487,4238,1,-,HGNC,8623,-,-,-,-,-,-,uncertain_significance,-,1,-,-,-,-,-
NM_006194.3(PAX9):c.-338C>T,14:37130957-37130957,T,regulatory_region_variant,MODIFIER,-,-,RegulatoryFeature,ENSR00001068174,-,-,-,-,-,-,-,-,-,-,rs886050487,-,-,-,-,-,-,-,-,-,-,-,uncertain_significance,-,1,-,-,-,-,-
NM_006194.3(PAX9):c.-338C>T,14:37130957-37130957,T,TF_binding_site_variant,MODIFIER,-,-,MotifFeature,ENSM00526862684,-,-,-,-,-,-,-,-,-,-,rs886050487,-,1,-,-,-,-,-,-,-,-,-,uncertain_significance,-,1,-,ENSM00526862684,15,Y,-0.04
NM_006194.3(PAX9):c.-321C>A,14:37130974-37130974,A,upstream_gene_variant,MODIFIER,PAX9,ENSG00000198807,Transcript,ENST00000361487.6,protein_coding,-,-,-,-,-,-,-,-,-,rs780901065,96,1,-,HGNC,8623,-,-,-,-,-,-,uncertain_significance,-,1,-,-,-,-,-
NM_006194.3(PAX9):c.-321C>A,14:37130974-37130974,A,5_prime_UTR_variant,MODIFIER,PAX9,ENSG00000198807,Transcript,ENST00000402703.2,protein_coding,5-Feb,-,-,-,406,-,-,-,-,rs780901065,-,1,-,HGNC,8623,-,-,-,-,-,-,uncertain_significance,-,1,-,-,-,-,-
NM_006194.3(PAX9):c.-321C>A,14:37130974-37130974,A,non_coding_transcript_exon_variant,MODIFIER,PAX9,ENSG00000198807,Transcript,ENST00000553267.1,processed_transcript,2-Feb,-,-,-,406,-,-,-,-,rs780901065,-,1,-,HGNC,8623,-,-,-,-,-,-,uncertain_significance,-,1,-,-,-,-,-
NM_006194.3(PAX9):c.-321C>A,14:37130974-37130974,A,upstream_gene_variant,MODIFIER,PAX9,ENSG00000198807,Transcript,ENST00000554201.1,protein_coding,-,-,-,-,-,-,-,-,-,rs780901065,805,1,-,HGNC,8623,-,-,-,-,-,-,uncertain_significance,-,1,-,-,-,-,-
NM_006194.3(PAX9):c.-321C>A,14:37130974-37130974,A,upstream_gene_variant,MODIFIER,RP11-964E11.2,ENSG00000258661,Transcript,ENST00000555107.1,antisense,-,-,-,-,-,-,-,-,-,rs780901065,2968,-1,-,Clone_based_vega_gene,-,-,-,-,-,-,-,uncertain_significance,-,1,-,-,-,-,-
NM_006194.3(PAX9):c.-321C>A,14:37130974-37130974,A,"intron_variant,non_coding_transcript_variant",MODIFIER,PAX9,ENSG00000198807,Transcript,ENST00000555639.1,processed_transcript,-,2-Jan,-,-,-,-,-,-,-,rs780901065,-,1,-,HGNC,8623,-,-,-,-,-,-,uncertain_significance,-,1,-,-,-,-,-
NM_006194.3(PAX9):c.-321C>A,14:37130974-37130974,A,upstream_gene_variant,MODIFIER,PAX9,ENSG00000198807,Transcript,ENST00000557107.1,processed_transcript,-,-,-,-,-,-,-,-,-,rs780901065,4221,1,-,HGNC,8623,-,-,-,-,-,-,uncertain_significance,-,1,-,-,-,-,-
NM_006194.3(PAX9):c.-321C>A,14:37130974-37130974,A,regulatory_region_variant,MODIFIER,-,-,RegulatoryFeature,ENSR00001068174,-,-,-,-,-,-,-,-,-,-,rs780901065,-,-,-,-,-,-,-,-,-,-,-,uncertain_significance,-,1,-,-,-,-,-
NM_006194.3(PAX9):c.-244G>T,14:37131051-37131051,T,upstream_gene_variant,MODIFIER,PAX9,ENSG00000198807,Transcript,ENST00000361487.6,protein_coding,-,-,-,-,-,-,-,-,-,rs886050488,19,1,-,HGNC,8623,-,-,-,-,-,-,uncertain_significance,-,1,-,-,-,-,-
NM_006194.3(PAX9):c.-244G>T,14:37131051-37131051,T,5_prime_UTR_variant,MODIFIER,PAX9,ENSG00000198807,Transcript,ENST00000402703.2,protein_coding,5-Feb,-,-,-,483,-,-,-,-,rs886050488,-,1,-,HGNC,8623,-,-,-,-,-,-,uncertain_significance,-,1,-,-,-,-,-
NM_006194.3(PAX9):c.-244G>T,14:37131051-37131051,T,non_coding_transcript_exon_variant,MODIFIER,PAX9,ENSG00000198807,Transcript,ENST00000553267.1,processed_transcript,2-Feb,-,-,-,483,-,-,-,-,rs886050488,-,1,-,HGNC,8623,-,-,-,-,-,-,uncertain_significance,-,1,-,-,-,-,-
NM_006194.3(PAX9):c.-244G>T,14:37131051-37131051,T,upstream_gene_variant,MODIFIER,PAX9,ENSG00000198807,Transcript,ENST00000554201.1,protein_coding,-,-,-,-,-,-,-,-,-,rs886050488,728,1,-,HGNC,8623,-,-,-,-,-,-,uncertain_significance,-,1,-,-,-,-,-
NM_006194.3(PAX9):c.-244G>T,14:37131051-37131051,T,upstream_gene_variant,MODIFIER,RP11-964E11.2,ENSG00000258661,Transcript,ENST00000555107.1,antisense,-,-,-,-,-,-,-,-,-,rs886050488,3045,-1,-,Clone_based_vega_gene,-,-,-,-,-,-,-,uncertain_significance,-,1,-,-,-,-,-
NM_006194.3(PAX9):c.-244G>T,14:37131051-37131051,T,"intron_variant,non_coding_transcript_variant",MODIFIER,PAX9,ENSG00000198807,Transcript,ENST00000555639.1,processed_transcript,-,2-Jan,-,-,-,-,-,-,-,rs886050488,-,1,-,HGNC,8623,-,-,-,-,-,-,uncertain_significance,-,1,-,-,-,-,-
NM_006194.3(PAX9):c.-244G>T,14:37131051-37131051,T,upstream_gene_variant,MODIFIER,PAX9,ENSG00000198807,Transcript,ENST00000557107.1,processed_transcript,-,-,-,-,-,-,-,-,-,rs886050488,4144,1,-,HGNC,8623,-,-,-,-,-,-,uncertain_significance,-,1,-,-,-,-,-
NM_006194.3(PAX9):c.-244G>T,14:37131051-37131051,T,regulatory_region_variant,MODIFIER,-,-,RegulatoryFeature,ENSR00001068174,-,-,-,-,-,-,-,-,-,-,rs886050488,-,-,-,-,-,-,-,-,-,-,-,uncertain_significance,-,1,-,-,-,-,-
NM_006194.3(PAX9):c.-244G>T,14:37131051-37131051,T,TF_binding_site_variant,MODIFIER,-,-,MotifFeature,ENSM00524426620,-,-,-,-,-,-,-,-,-,-,rs886050488,-,-1,-,-,-,-,-,-,-,-,-,uncertain_significance,-,1,-,ENSM00524426620,8,Y,-0.054
NM_006194.3(PAX9):c.-244G>T,14:37131051-37131051,T,TF_binding_site_variant,MODIFIER,-,-,MotifFeature,ENSM00909311384,-,-,-,-,-,-,-,-,-,-,rs886050488,-,1,-,-,-,-,-,-,-,-,-,uncertain_significance,-,1,-,ENSM00909311384,3,N,-0.027
NM_006194.3(PAX9):c.-244G>T,14:37131051-37131051,T,TF_binding_site_variant,MODIFIER,-,-,MotifFeature,ENSM00909971102,-,-,-,-,-,-,-,-,-,-,rs886050488,-,1,-,-,-,-,-,-,-,-,-,uncertain_significance,-,1,-,ENSM00909971102,2,N,-0.007
NM_006194.3(PAX9):c.-218G>A,14:37131077-37131077,A,5_prime_UTR_variant,MODIFIER,PAX9,ENSG00000198807,Transcript,ENST00000361487.6,protein_coding,4-Jan,-,-,-,8,-,-,-,-,rs533579629,-,1,-,HGNC,8623,-,-,-,-,-,-,uncertain_significance,-,1,-,-,-,-,-
NM_006194.3(PAX9):c.-218G>A,14:37131077-37131077,A,5_prime_UTR_variant,MODIFIER,PAX9,ENSG00000198807,Transcript,ENST00000402703.2,protein_coding,5-Feb,-,-,-,509,-,-,-,-,rs533579629,-,1,-,HGNC,8623,-,-,-,-,-,-,uncertain_significance,-,1,-,-,-,-,-
NM_006194.3(PAX9):c.-218G>A,14:37131077-37131077,A,non_coding_transcript_exon_variant,MODIFIER,PAX9,ENSG00000198807,Transcript,ENST00000553267.1,processed_transcript,2-Feb,-,-,-,509,-,-,-,-,rs533579629,-,1,-,HGNC,8623,-,-,-,-,-,-,uncertain_significance,-,1,-,-,-,-,-
NM_006194.3(PAX9):c.-218G>A,14:37131077-37131077,A,upstream_gene_variant,MODIFIER,PAX9,ENSG00000198807,Transcript,ENST00000554201.1,protein_coding,-,-,-,-,-,-,-,-,-,rs533579629,702,1,-,HGNC,8623,-,-,-,-,-,-,uncertain_significance,-,1,-,-,-,-,-
NM_006194.3(PAX9):c.-218G>A,14:37131077-37131077,A,upstream_gene_variant,MODIFIER,RP11-964E11.2,ENSG00000258661,Transcript,ENST00000555107.1,antisense,-,-,-,-,-,-,-,-,-,rs533579629,3071,-1,-,Clone_based_vega_gene,-,-,-,-,-,-,-,uncertain_significance,-,1,-,-,-,-,-
NM_006194.3(PAX9):c.-218G>A,14:37131077-37131077,A,"intron_variant,non_coding_transcript_variant",MODIFIER,PAX9,ENSG00000198807,Transcript,ENST00000555639.1,processed_transcript,-,2-Jan,-,-,-,-,-,-,-,rs533579629,-,1,-,HGNC,8623,-,-,-,-,-,-,uncertain_significance,-,1,-,-,-,-,-
NM_006194.3(PAX9):c.-218G>A,14:37131077-37131077,A,upstream_gene_variant,MODIFIER,PAX9,ENSG00000198807,Transcript,ENST00000557107.1,processed_transcript,-,-,-,-,-,-,-,-,-,rs533579629,4118,1,-,HGNC,8623,-,-,-,-,-,-,uncertain_significance,-,1,-,-,-,-,-
NM_006194.3(PAX9):c.-218G>A,14:37131077-37131077,A,regulatory_region_variant,MODIFIER,-,-,RegulatoryFeature,ENSR00001068174,-,-,-,-,-,-,-,-,-,-,rs533579629,-,-,-,-,-,-,-,-,-,-,-,uncertain_significance,-,1,-,-,-,-,-
NM_006194.3(PAX9):c.-218G>A,14:37131077-37131077,A,TF_binding_site_variant,MODIFIER,-,-,MotifFeature,ENSM00795728740,-,-,-,-,-,-,-,-,-,-,rs533579629,-,-1,-,-,-,-,-,-,-,-,-,uncertain_significance,-,1,-,ENSM00795728740,17,N,-0.025
NM_006194.3(PAX9):c.-218G>A,14:37131077-37131077,A,TF_binding_site_variant,MODIFIER,-,-,MotifFeature,ENSM00526852238,-,-,-,-,-,-,-,-,-,-,rs533579629,-,-1,-,-,-,-,-,-,-,-,-,uncertain_significance,-,1,-,ENSM00526852238,16,Y,-0.051
NM_006194.3(PAX9):c.-218G>A,14:37131077-37131077,A,TF_binding_site_variant,MODIFIER,-,-,MotifFeature,ENSM00909311384,-,-,-,-,-,-,-,-,-,-,rs533579629,-,1,-,-,-,-,-,-,-,-,-,uncertain_significance,-,1,-,ENSM00909311384,29,Y,-0.039
NM_006194.3(PAX9):c.-218G>A,14:37131077-37131077,A,TF_binding_site_variant,MODIFIER,-,-,MotifFeature,ENSM00909971102,-,-,-,-,-,-,-,-,-,-,rs533579629,-,1,-,-,-,-,-,-,-,-,-,uncertain_significance,-,1,-,ENSM00909971102,28,Y,-0.041
NM_006194.3(PAX9):c.-186C>A,14:37131109-37131109,A,5_prime_UTR_variant,MODIFIER,PAX9,ENSG00000198807,Transcript,ENST00000361487.6,protein_coding,4-Jan,-,-,-,40,-,-,-,-,rs886050489,-,1,-,HGNC,8623,-,-,-,-,-,-,uncertain_significance,-,1,-,-,-,-,-
NM_006194.3(PAX9):c.-186C>A,14:37131109-37131109,A,5_prime_UTR_variant,MODIFIER,PAX9,ENSG00000198807,Transcript,ENST00000402703.2,protein_coding,5-Feb,-,-,-,541,-,-,-,-,rs886050489,-,1,-,HGNC,8623,-,-,-,-,-,-,uncertain_significance,-,1,-,-,-,-,-
NM_006194.3(PAX9):c.-186C>A,14:37131109-37131109,A,non_coding_transcript_exon_variant,MODIFIER,PAX9,ENSG00000198807,Transcript,ENST00000553267.1,processed_transcript,2-Feb,-,-,-,541,-,-,-,-,rs886050489,-,1,-,HGNC,8623,-,-,-,-,-,-,uncertain_significance,-,1,-,-,-,-,-
NM_006194.3(PAX9):c.-186C>A,14:37131109-37131109,A,upstream_gene_variant,MODIFIER,PAX9,ENSG00000198807,Transcript,ENST00000554201.1,protein_coding,-,-,-,-,-,-,-,-,-,rs886050489,670,1,-,HGNC,8623,-,-,-,-,-,-,uncertain_significance,-,1,-,-,-,-,-
NM_006194.3(PAX9):c.-186C>A,14:37131109-37131109,A,upstream_gene_variant,MODIFIER,RP11-964E11.2,ENSG00000258661,Transcript,ENST00000555107.1,antisense,-,-,-,-,-,-,-,-,-,rs886050489,3103,-1,-,Clone_based_vega_gene,-,-,-,-,-,-,-,uncertain_significance,-,1,-,-,-,-,-
NM_006194.3(PAX9):c.-186C>A,14:37131109-37131109,A,"intron_variant,non_coding_transcript_variant",MODIFIER,PAX9,ENSG00000198807,Transcript,ENST00000555639.1,processed_transcript,-,2-Jan,-,-,-,-,-,-,-,rs886050489,-,1,-,HGNC,8623,-,-,-,-,-,-,uncertain_significance,-,1,-,-,-,-,-
NM_006194.3(PAX9):c.-186C>A,14:37131109-37131109,A,upstream_gene_variant,MODIFIER,PAX9,ENSG00000198807,Transcript,ENST00000557107.1,processed_transcript,-,-,-,-,-,-,-,-,-,rs886050489,4086,1,-,HGNC,8623,-,-,-,-,-,-,uncertain_significance,-,1,-,-,-,-,-
NM_006194.3(PAX9):c.-186C>A,14:37131109-37131109,A,regulatory_region_variant,MODIFIER,-,-,RegulatoryFeature,ENSR00001068174,-,-,-,-,-,-,-,-,-,-,rs886050489,-,-,-,-,-,-,-,-,-,-,-,uncertain_significance,-,1,-,-,-,-,-
NM_006194.3(PAX9):c.-119A>T,14:37131176-37131176,T,5_prime_UTR_variant,MODIFIER,PAX9,ENSG00000198807,Transcript,ENST00000361487.6,protein_coding,4-Jan,-,-,-,107,-,-,-,-,rs886050490,-,1,-,HGNC,8623,-,-,-,-,-,-,uncertain_significance,-,1,-,-,-,-,-
NM_006194.3(PAX9):c.-119A>T,14:37131176-37131176,T,5_prime_UTR_variant,MODIFIER,PAX9,ENSG00000198807,Transcript,ENST00000402703.2,protein_coding,5-Feb,-,-,-,608,-,-,-,-,rs886050490,-,1,-,HGNC,8623,-,-,-,-,-,-,uncertain_significance,-,1,-,-,-,-,-
NM_006194.3(PAX9):c.-119A>T,14:37131176-37131176,T,non_coding_transcript_exon_variant,MODIFIER,PAX9,ENSG00000198807,Transcript,ENST00000553267.1,processed_transcript,2-Feb,-,-,-,608,-,-,-,-,rs886050490,-,1,-,HGNC,8623,-,-,-,-,-,-,uncertain_significance,-,1,-,-,-,-,-
NM_006194.3(PAX9):c.-119A>T,14:37131176-37131176,T,upstream_gene_variant,MODIFIER,PAX9,ENSG00000198807,Transcript,ENST00000554201.1,protein_coding,-,-,-,-,-,-,-,-,-,rs886050490,603,1,-,HGNC,8623,-,-,-,-,-,-,uncertain_significance,-,1,-,-,-,-,-
NM_006194.3(PAX9):c.-119A>T,14:37131176-37131176,T,upstream_gene_variant,MODIFIER,RP11-964E11.2,ENSG00000258661,Transcript,ENST00000555107.1,antisense,-,-,-,-,-,-,-,-,-,rs886050490,3170,-1,-,Clone_based_vega_gene,-,-,-,-,-,-,-,uncertain_significance,-,1,-,-,-,-,-
NM_006194.3(PAX9):c.-119A>T,14:37131176-37131176,T,"intron_variant,non_coding_transcript_variant",MODIFIER,PAX9,ENSG00000198807,Transcript,ENST00000555639.1,processed_transcript,-,2-Jan,-,-,-,-,-,-,-,rs886050490,-,1,-,HGNC,8623,-,-,-,-,-,-,uncertain_significance,-,1,-,-,-,-,-
NM_006194.3(PAX9):c.-119A>T,14:37131176-37131176,T,upstream_gene_variant,MODIFIER,PAX9,ENSG00000198807,Transcript,ENST00000557107.1,processed_transcript,-,-,-,-,-,-,-,-,-,rs886050490,4019,1,-,HGNC,8623,-,-,-,-,-,-,uncertain_significance,-,1,-,-,-,-,-
NM_006194.3(PAX9):c.-119A>T,14:37131176-37131176,T,regulatory_region_variant,MODIFIER,-,-,RegulatoryFeature,ENSR00001068174,-,-,-,-,-,-,-,-,-,-,rs886050490,-,-,-,-,-,-,-,-,-,-,-,uncertain_significance,-,1,-,-,-,-,-
NM_006194.3(PAX9):c.-65G>A,14:37131230-37131230,A,5_prime_UTR_variant,MODIFIER,PAX9,ENSG00000198807,Transcript,ENST00000361487.6,protein_coding,4-Jan,-,-,-,161,-,-,-,-,rs886050491,-,1,-,HGNC,8623,-,-,-,-,-,-,uncertain_significance,-,1,-,-,-,-,-
NM_006194.3(PAX9):c.-65G>A,14:37131230-37131230,A,5_prime_UTR_variant,MODIFIER,PAX9,ENSG00000198807,Transcript,ENST00000402703.2,protein_coding,5-Feb,-,-,-,662,-,-,-,-,rs886050491,-,1,-,HGNC,8623,-,-,-,-,-,-,uncertain_significance,-,1,-,-,-,-,-
NM_006194.3(PAX9):c.-65G>A,14:37131230-37131230,A,downstream_gene_variant,MODIFIER,PAX9,ENSG00000198807,Transcript,ENST00000553267.1,processed_transcript,-,-,-,-,-,-,-,-,-,rs886050491,17,1,-,HGNC,8623,-,-,-,-,-,-,uncertain_significance,-,1,-,-,-,-,-
NM_006194.3(PAX9):c.-65G>A,14:37131230-37131230,A,upstream_gene_variant,MODIFIER,PAX9,ENSG00000198807,Transcript,ENST00000554201.1,protein_coding,-,-,-,-,-,-,-,-,-,rs886050491,549,1,-,HGNC,8623,-,-,-,-,-,-,uncertain_significance,-,1,-,-,-,-,-
NM_006194.3(PAX9):c.-65G>A,14:37131230-37131230,A,upstream_gene_variant,MODIFIER,RP11-964E11.2,ENSG00000258661,Transcript,ENST00000555107.1,antisense,-,-,-,-,-,-,-,-,-,rs886050491,3224,-1,-,Clone_based_vega_gene,-,-,-,-,-,-,-,uncertain_significance,-,1,-,-,-,-,-
NM_006194.3(PAX9):c.-65G>A,14:37131230-37131230,A,non_coding_transcript_exon_variant,MODIFIER,PAX9,ENSG00000198807,Transcript,ENST00000555639.1,processed_transcript,3-Feb,-,-,-,238,-,-,-,-,rs886050491,-,1,-,HGNC,8623,-,-,-,-,-,-,uncertain_significance,-,1,-,-,-,-,-
NM_006194.3(PAX9):c.-65G>A,14:37131230-37131230,A,upstream_gene_variant,MODIFIER,PAX9,ENSG00000198807,Transcript,ENST00000557107.1,processed_transcript,-,-,-,-,-,-,-,-,-,rs886050491,3965,1,-,HGNC,8623,-,-,-,-,-,-,uncertain_significance,-,1,-,-,-,-,-
NM_006194.3(PAX9):c.-65G>A,14:37131230-37131230,A,regulatory_region_variant,MODIFIER,-,-,RegulatoryFeature,ENSR00001068174,-,-,-,-,-,-,-,-,-,-,rs886050491,-,-,-,-,-,-,-,-,-,-,-,uncertain_significance,-,1,-,-,-,-,-
NM_006194.3(PAX9):c.-65G>A,14:37131230-37131230,A,TF_binding_site_variant,MODIFIER,-,-,MotifFeature,ENSM00523861707,-,-,-,-,-,-,-,-,-,-,rs886050491,-,1,-,-,-,-,-,-,-,-,-,uncertain_significance,-,1,-,ENSM00523861707,14,Y,-0.086
NM_006194.3(PAX9):c.-65G>A,14:37131230-37131230,A,TF_binding_site_variant,MODIFIER,-,-,MotifFeature,ENSM00524014554,-,-,-,-,-,-,-,-,-,-,rs886050491,-,1,-,-,-,-,-,-,-,-,-,uncertain_significance,-,1,-,ENSM00524014554,3,Y,-0.062
NM_006194.3(PAX9):c.2T>A(p.Met1Lys),14:37131296-37131296,A,"start_lost,splice_region_variant",HIGH,PAX9,ENSG00000198807,Transcript,ENST00000361487.6,protein_coding,4-Jan,-,-,-,227,2,1,M/K,aTg/aAg,CM1513246,-,1,-,HGNC,8623,-,-,-,deleterious(0),possibly_damaging(0.599),-,-,-,1,-,-,-,-,-
NM_006194.3(PAX9):c.2T>A(p.Met1Lys),14:37131296-37131296,A,"start_lost,splice_region_variant",HIGH,PAX9,ENSG00000198807,Transcript,ENST00000402703.2,protein_coding,5-Feb,-,-,-,728,2,1,M/K,aTg/aAg,CM1513246,-,1,-,HGNC,8623,-,-,-,deleterious(0),possibly_damaging(0.599),-,-,-,1,-,-,-,-,-
NM_006194.3(PAX9):c.2T>A(p.Met1Lys),14:37131296-37131296,A,downstream_gene_variant,MODIFIER,PAX9,ENSG00000198807,Transcript,ENST00000553267.1,processed_transcript,-,-,-,-,-,-,-,-,-,CM1513246,83,1,-,HGNC,8623,-,-,-,-,-,-,-,-,1,-,-,-,-,-
NM_006194.3(PAX9):c.2T>A(p.Met1Lys),14:37131296-37131296,A,upstream_gene_variant,MODIFIER,PAX9,ENSG00000198807,Transcript,ENST00000554201.1,protein_coding,-,-,-,-,-,-,-,-,-,CM1513246,483,1,-,HGNC,8623,-,-,-,-,-,-,-,-,1,-,-,-,-,-
NM_006194.3(PAX9):c.2T>A(p.Met1Lys),14:37131296-37131296,A,upstream_gene_variant,MODIFIER,RP11-964E11.2,ENSG00000258661,Transcript,ENST00000555107.1,antisense,-,-,-,-,-,-,-,-,-,CM1513246,3290,-1,-,Clone_based_vega_gene,-,-,-,-,-,-,-,-,-,1,-,-,-,-,-
NM_006194.3(PAX9):c.2T>A(p.Met1Lys),14:37131296-37131296,A,"splice_region_variant,non_coding_transcript_exon_variant",LOW,PAX9,ENSG00000198807,Transcript,ENST00000555639.1,processed_transcript,3-Feb,-,-,-,304,-,-,-,-,CM1513246,-,1,-,HGNC,8623,-,-,-,-,-,-,-,-,1,-,-,-,-,-
NM_006194.3(PAX9):c.2T>A(p.Met1Lys),14:37131296-37131296,A,upstream_gene_variant,MODIFIER,PAX9,ENSG00000198807,Transcript,ENST00000557107.1,processed_transcript,-,-,-,-,-,-,-,-,-,CM1513246,3899,1,-,HGNC,8623,-,-,-,-,-,-,-,-,1,-,-,-,-,-
NM_006194.3(PAX9):c.2T>A(p.Met1Lys),14:37131296-37131296,A,regulatory_region_variant,MODIFIER,-,-,RegulatoryFeature,ENSR00001068174,-,-,-,-,-,-,-,-,-,-,CM1513246,-,-,-,-,-,-,-,-,-,-,-,-,-,1,-,-,-,-,-
NM_006194.3(PAX9):c.2T>A(p.Met1Lys),14:37131296-37131296,A,TF_binding_site_variant,MODIFIER,-,-,MotifFeature,ENSM00908710499,-,-,-,-,-,-,-,-,-,-,CM1513246,-,1,-,-,-,-,-,-,-,-,-,-,-,1,-,ENSM00908710499,2,N,0.013
NM_006194.3(PAX9):c.3G>A(p.Met1Ile),14:37131297-37131297,A,"start_lost,splice_region_variant",HIGH,PAX9,ENSG00000198807,Transcript,ENST00000361487.6,protein_coding,4-Jan,-,-,-,228,3,1,M/I,atG/atA,rs1131692057,-,1,-,HGNC,8623,-,-,-,deleterious(0.04),benign(0.38),-,pathogenic,-,1,-,-,-,-,-
NM_006194.3(PAX9):c.3G>A(p.Met1Ile),14:37131297-37131297,A,"start_lost,splice_region_variant",HIGH,PAX9,ENSG00000198807,Transcript,ENST00000402703.2,protein_coding,5-Feb,-,-,-,729,3,1,M/I,atG/atA,rs1131692057,-,1,-,HGNC,8623,-,-,-,deleterious(0.04),benign(0.38),-,pathogenic,-,1,-,-,-,-,-
NM_006194.3(PAX9):c.3G>A(p.Met1Ile),14:37131297-37131297,A,downstream_gene_variant,MODIFIER,PAX9,ENSG00000198807,Transcript,ENST00000553267.1,processed_transcript,-,-,-,-,-,-,-,-,-,rs1131692057,84,1,-,HGNC,8623,-,-,-,-,-,-,pathogenic,-,1,-,-,-,-,-
NM_006194.3(PAX9):c.3G>A(p.Met1Ile),14:37131297-37131297,A,upstream_gene_variant,MODIFIER,PAX9,ENSG00000198807,Transcript,ENST00000554201.1,protein_coding,-,-,-,-,-,-,-,-,-,rs1131692057,482,1,-,HGNC,8623,-,-,-,-,-,-,pathogenic,-,1,-,-,-,-,-
NM_006194.3(PAX9):c.3G>A(p.Met1Ile),14:37131297-37131297,A,upstream_gene_variant,MODIFIER,RP11-964E11.2,ENSG00000258661,Transcript,ENST00000555107.1,antisense,-,-,-,-,-,-,-,-,-,rs1131692057,3291,-1,-,Clone_based_vega_gene,-,-,-,-,-,-,-,pathogenic,-,1,-,-,-,-,-
NM_006194.3(PAX9):c.3G>A(p.Met1Ile),14:37131297-37131297,A,"splice_region_variant,non_coding_transcript_exon_variant",LOW,PAX9,ENSG00000198807,Transcript,ENST00000555639.1,processed_transcript,3-Feb,-,-,-,305,-,-,-,-,rs1131692057,-,1,-,HGNC,8623,-,-,-,-,-,-,pathogenic,-,1,-,-,-,-,-
NM_006194.3(PAX9):c.3G>A(p.Met1Ile),14:37131297-37131297,A,upstream_gene_variant,MODIFIER,PAX9,ENSG00000198807,Transcript,ENST00000557107.1,processed_transcript,-,-,-,-,-,-,-,-,-,rs1131692057,3898,1,-,HGNC,8623,-,-,-,-,-,-,pathogenic,-,1,-,-,-,-,-
NM_006194.3(PAX9):c.3G>A(p.Met1Ile),14:37131297-37131297,A,regulatory_region_variant,MODIFIER,-,-,RegulatoryFeature,ENSR00001068174,-,-,-,-,-,-,-,-,-,-,rs1131692057,-,-,-,-,-,-,-,-,-,-,-,pathogenic,-,1,-,-,-,-,-
NM_006194.3(PAX9):c.3G>A(p.Met1Ile),14:37131297-37131297,A,TF_binding_site_variant,MODIFIER,-,-,MotifFeature,ENSM00908710499,-,-,-,-,-,-,-,-,-,-,rs1131692057,-,1,-,-,-,-,-,-,-,-,-,pathogenic,-,1,-,ENSM00908710499,3,N,-0.026
NM_006194.3(PAX9):c.6G>A(p.Glu2=),14:37132103-37132103,A,"splice_region_variant,synonymous_variant",LOW,PAX9,ENSG00000198807,Transcript,ENST00000361487.6,protein_coding,4-Feb,-,-,-,231,6,2,E,gaG/gaA,rs770389639,-,1,-,HGNC,8623,-,-,-,-,-,-,uncertain_significance,-,1,-,-,-,-,-
NM_006194.3(PAX9):c.6G>A(p.Glu2=),14:37132103-37132103,A,"splice_region_variant,synonymous_variant",LOW,PAX9,ENSG00000198807,Transcript,ENST00000402703.2,protein_coding,5-Mar,-,-,-,732,6,2,E,gaG/gaA,rs770389639,-,1,-,HGNC,8623,-,-,-,-,-,-,uncertain_significance,-,1,-,-,-,-,-
NM_006194.3(PAX9):c.6G>A(p.Glu2=),14:37132103-37132103,A,downstream_gene_variant,MODIFIER,PAX9,ENSG00000198807,Transcript,ENST00000553267.1,processed_transcript,-,-,-,-,-,-,-,-,-,rs770389639,890,1,-,HGNC,8623,-,-,-,-,-,-,uncertain_significance,-,1,-,-,-,-,-
NM_006194.3(PAX9):c.6G>A(p.Glu2=),14:37132103-37132103,A,5_prime_UTR_variant,MODIFIER,PAX9,ENSG00000198807,Transcript,ENST00000554201.1,protein_coding,3-Jan,-,-,-,325,-,-,-,-,rs770389639,-,1,-,HGNC,8623,-,-,-,-,-,-,uncertain_significance,-,1,-,-,-,-,-
NM_006194.3(PAX9):c.6G>A(p.Glu2=),14:37132103-37132103,A,upstream_gene_variant,MODIFIER,RP11-964E11.2,ENSG00000258661,Transcript,ENST00000555107.1,antisense,-,-,-,-,-,-,-,-,-,rs770389639,4097,-1,-,Clone_based_vega_gene,-,-,-,-,-,-,-,uncertain_significance,-,1,-,-,-,-,-
NM_006194.3(PAX9):c.6G>A(p.Glu2=),14:37132103-37132103,A,"splice_region_variant,non_coding_transcript_exon_variant",LOW,PAX9,ENSG00000198807,Transcript,ENST00000555639.1,processed_transcript,3-Mar,-,-,-,308,-,-,-,-,rs770389639,-,1,-,HGNC,8623,-,-,-,-,-,-,uncertain_significance,-,1,-,-,-,-,-
NM_006194.3(PAX9):c.6G>A(p.Glu2=),14:37132103-37132103,A,upstream_gene_variant,MODIFIER,PAX9,ENSG00000198807,Transcript,ENST00000557107.1,processed_transcript,-,-,-,-,-,-,-,-,-,rs770389639,3092,1,-,HGNC,8623,-,-,-,-,-,-,uncertain_significance,-,1,-,-,-,-,-
NM_006194.3(PAX9):c.6G>A(p.Glu2=),14:37132103-37132103,A,regulatory_region_variant,MODIFIER,-,-,RegulatoryFeature,ENSR00001068174,-,-,-,-,-,-,-,-,-,-,rs770389639,-,-,-,-,-,-,-,-,-,-,-,uncertain_significance,-,1,-,-,-,-,-
NM_001372076.1(PAX9):c.51C>G(p.Asn17Lys),14:37132148-37132148,G,missense_variant,MODERATE,PAX9,ENSG00000198807,Transcript,ENST00000361487.6,protein_coding,4-Feb,-,-,-,276,51,17,N/K,aaC/aaG,COSV64061976,-,1,-,HGNC,8623,-,-,-,deleterious(0),probably_damaging(0.998),-,-,1,1,-,-,-,-,-
NM_001372076.1(PAX9):c.51C>G(p.Asn17Lys),14:37132148-37132148,G,missense_variant,MODERATE,PAX9,ENSG00000198807,Transcript,ENST00000402703.2,protein_coding,5-Mar,-,-,-,777,51,17,N/K,aaC/aaG,COSV64061976,-,1,-,HGNC,8623,-,-,-,deleterious(0),probably_damaging(0.998),-,-,1,1,-,-,-,-,-
NM_001372076.1(PAX9):c.51C>G(p.Asn17Lys),14:37132148-37132148,G,downstream_gene_variant,MODIFIER,PAX9,ENSG00000198807,Transcript,ENST00000553267.1,processed_transcript,-,-,-,-,-,-,-,-,-,COSV64061976,935,1,-,HGNC,8623,-,-,-,-,-,-,-,1,1,-,-,-,-,-
NM_001372076.1(PAX9):c.51C>G(p.Asn17Lys),14:37132148-37132148,G,5_prime_UTR_variant,MODIFIER,PAX9,ENSG00000198807,Transcript,ENST00000554201.1,protein_coding,3-Jan,-,-,-,370,-,-,-,-,COSV64061976,-,1,-,HGNC,8623,-,-,-,-,-,-,-,1,1,-,-,-,-,-
NM_001372076.1(PAX9):c.51C>G(p.Asn17Lys),14:37132148-37132148,G,upstream_gene_variant,MODIFIER,RP11-964E11.2,ENSG00000258661,Transcript,ENST00000555107.1,antisense,-,-,-,-,-,-,-,-,-,COSV64061976,4142,-1,-,Clone_based_vega_gene,-,-,-,-,-,-,-,-,1,1,-,-,-,-,-
NM_001372076.1(PAX9):c.51C>G(p.Asn17Lys),14:37132148-37132148,G,non_coding_transcript_exon_variant,MODIFIER,PAX9,ENSG00000198807,Transcript,ENST00000555639.1,processed_transcript,3-Mar,-,-,-,353,-,-,-,-,COSV64061976,-,1,-,HGNC,8623,-,-,-,-,-,-,-,1,1,-,-,-,-,-
NM_001372076.1(PAX9):c.51C>G(p.Asn17Lys),14:37132148-37132148,G,upstream_gene_variant,MODIFIER,PAX9,ENSG00000198807,Transcript,ENST00000557107.1,processed_transcript,-,-,-,-,-,-,-,-,-,COSV64061976,3047,1,-,HGNC,8623,-,-,-,-,-,-,-,1,1,-,-,-,-,-
NM_001372076.1(PAX9):c.51C>G(p.Asn17Lys),14:37132148-37132148,G,regulatory_region_variant,MODIFIER,-,-,RegulatoryFeature,ENSR00001068174,-,-,-,-,-,-,-,-,-,-,COSV64061976,-,-,-,-,-,-,-,-,-,-,-,-,1,1,-,-,-,-,-
NM_006194.3(PAX9):c.59C>T(p.Pro20Leu),14:37132156-37132156,T,missense_variant,MODERATE,PAX9,ENSG00000198807,Transcript,ENST00000361487.6,protein_coding,4-Feb,-,-,-,284,59,20,P/L,cCg/cTg,"rs1555316697,CD138800,CM155682",-,1,-,HGNC,8623,-,-,-,deleterious(0),probably_damaging(0.999),-,pathogenic,-,"1,1,1",-,-,-,-,-
NM_006194.3(PAX9):c.59C>T(p.Pro20Leu),14:37132156-37132156,T,missense_variant,MODERATE,PAX9,ENSG00000198807,Transcript,ENST00000402703.2,protein_coding,5-Mar,-,-,-,785,59,20,P/L,cCg/cTg,"rs1555316697,CD138800,CM155682",-,1,-,HGNC,8623,-,-,-,deleterious(0),probably_damaging(0.999),-,pathogenic,-,"1,1,1",-,-,-,-,-
NM_006194.3(PAX9):c.59C>T(p.Pro20Leu),14:37132156-37132156,T,downstream_gene_variant,MODIFIER,PAX9,ENSG00000198807,Transcript,ENST00000553267.1,processed_transcript,-,-,-,-,-,-,-,-,-,"rs1555316697,CD138800,CM155682",943,1,-,HGNC,8623,-,-,-,-,-,-,pathogenic,-,"1,1,1",-,-,-,-,-
NM_006194.3(PAX9):c.59C>T(p.Pro20Leu),14:37132156-37132156,T,5_prime_UTR_variant,MODIFIER,PAX9,ENSG00000198807,Transcript,ENST00000554201.1,protein_coding,3-Jan,-,-,-,378,-,-,-,-,"rs1555316697,CD138800,CM155682",-,1,-,HGNC,8623,-,-,-,-,-,-,pathogenic,-,"1,1,1",-,-,-,-,-
NM_006194.3(PAX9):c.59C>T(p.Pro20Leu),14:37132156-37132156,T,upstream_gene_variant,MODIFIER,RP11-964E11.2,ENSG00000258661,Transcript,ENST00000555107.1,antisense,-,-,-,-,-,-,-,-,-,"rs1555316697,CD138800,CM155682",4150,-1,-,Clone_based_vega_gene,-,-,-,-,-,-,-,pathogenic,-,"1,1,1",-,-,-,-,-
NM_006194.3(PAX9):c.59C>T(p.Pro20Leu),14:37132156-37132156,T,non_coding_transcript_exon_variant,MODIFIER,PAX9,ENSG00000198807,Transcript,ENST00000555639.1,processed_transcript,3-Mar,-,-,-,361,-,-,-,-,"rs1555316697,CD138800,CM155682",-,1,-,HGNC,8623,-,-,-,-,-,-,pathogenic,-,"1,1,1",-,-,-,-,-
NM_006194.3(PAX9):c.59C>T(p.Pro20Leu),14:37132156-37132156,T,upstream_gene_variant,MODIFIER,PAX9,ENSG00000198807,Transcript,ENST00000557107.1,processed_transcript,-,-,-,-,-,-,-,-,-,"rs1555316697,CD138800,CM155682",3039,1,-,HGNC,8623,-,-,-,-,-,-,pathogenic,-,"1,1,1",-,-,-,-,-
NM_006194.3(PAX9):c.59C>T(p.Pro20Leu),14:37132156-37132156,T,regulatory_region_variant,MODIFIER,-,-,RegulatoryFeature,ENSR00001068174,-,-,-,-,-,-,-,-,-,-,"rs1555316697,CD138800,CM155682",-,-,-,-,-,-,-,-,-,-,-,pathogenic,-,"1,1,1",-,-,-,-,-
NM_006194.3(PAX9):c.62T>C(p.Leu21Pro),14:37132159-37132159,C,missense_variant,MODERATE,PAX9,ENSG00000198807,Transcript,ENST00000361487.6,protein_coding,4-Feb,-,-,-,287,62,21,L/P,cTg/cCg,"rs28933970,CM030695",-,1,-,HGNC,8623,-,-,-,deleterious(0),probably_damaging(0.999),-,pathogenic,-,"1,1","1,260,543,819,429,910",-,-,-,-
NM_006194.3(PAX9):c.62T>C(p.Leu21Pro),14:37132159-37132159,C,missense_variant,MODERATE,PAX9,ENSG00000198807,Transcript,ENST00000402703.2,protein_coding,5-Mar,-,-,-,788,62,21,L/P,cTg/cCg,"rs28933970,CM030695",-,1,-,HGNC,8623,-,-,-,deleterious(0),probably_damaging(0.999),-,pathogenic,-,"1,1","1,260,543,819,429,910",-,-,-,-
NM_006194.3(PAX9):c.62T>C(p.Leu21Pro),14:37132159-37132159,C,downstream_gene_variant,MODIFIER,PAX9,ENSG00000198807,Transcript,ENST00000553267.1,processed_transcript,-,-,-,-,-,-,-,-,-,"rs28933970,CM030695",946,1,-,HGNC,8623,-,-,-,-,-,-,pathogenic,-,"1,1","1,260,543,819,429,910",-,-,-,-
NM_006194.3(PAX9):c.62T>C(p.Leu21Pro),14:37132159-37132159,C,5_prime_UTR_variant,MODIFIER,PAX9,ENSG00000198807,Transcript,ENST00000554201.1,protein_coding,3-Jan,-,-,-,381,-,-,-,-,"rs28933970,CM030695",-,1,-,HGNC,8623,-,-,-,-,-,-,pathogenic,-,"1,1","1,260,543,819,429,910",-,-,-,-
NM_006194.3(PAX9):c.62T>C(p.Leu21Pro),14:37132159-37132159,C,upstream_gene_variant,MODIFIER,RP11-964E11.2,ENSG00000258661,Transcript,ENST00000555107.1,antisense,-,-,-,-,-,-,-,-,-,"rs28933970,CM030695",4153,-1,-,Clone_based_vega_gene,-,-,-,-,-,-,-,pathogenic,-,"1,1","1,260,543,819,429,910",-,-,-,-
NM_006194.3(PAX9):c.62T>C(p.Leu21Pro),14:37132159-37132159,C,non_coding_transcript_exon_variant,MODIFIER,PAX9,ENSG00000198807,Transcript,ENST00000555639.1,processed_transcript,3-Mar,-,-,-,364,-,-,-,-,"rs28933970,CM030695",-,1,-,HGNC,8623,-,-,-,-,-,-,pathogenic,-,"1,1","1,260,543,819,429,910",-,-,-,-
NM_006194.3(PAX9):c.62T>C(p.Leu21Pro),14:37132159-37132159,C,upstream_gene_variant,MODIFIER,PAX9,ENSG00000198807,Transcript,ENST00000557107.1,processed_transcript,-,-,-,-,-,-,-,-,-,"rs28933970,CM030695",3036,1,-,HGNC,8623,-,-,-,-,-,-,pathogenic,-,"1,1","1,260,543,819,429,910",-,-,-,-
NM_006194.3(PAX9):c.62T>C(p.Leu21Pro),14:37132159-37132159,C,regulatory_region_variant,MODIFIER,-,-,RegulatoryFeature,ENSR00001068174,-,-,-,-,-,-,-,-,-,-,"rs28933970,CM030695",-,-,-,-,-,-,-,-,-,-,-,pathogenic,-,"1,1","1,260,543,819,429,910",-,-,-,-
NM_006194.3(PAX9):c.76C>T(p.Arg26Trp),14:37132173-37132173,T,missense_variant,MODERATE,PAX9,ENSG00000198807,Transcript,ENST00000361487.6,protein_coding,4-Feb,-,-,-,301,76,26,R/W,Cgg/Tgg,"rs28933972,CM032984,COSV64062712",-,1,-,HGNC,8623,-,-,-,deleterious(0),probably_damaging(0.998),-,pathogenic,"0,0,1","1,1,1","194,299,101,457,127,000,000,000",-,-,-,-
NM_006194.3(PAX9):c.76C>T(p.Arg26Trp),14:37132173-37132173,T,missense_variant,MODERATE,PAX9,ENSG00000198807,Transcript,ENST00000402703.2,protein_coding,5-Mar,-,-,-,802,76,26,R/W,Cgg/Tgg,"rs28933972,CM032984,COSV64062712",-,1,-,HGNC,8623,-,-,-,deleterious(0),probably_damaging(0.998),-,pathogenic,"0,0,1","1,1,1","194,299,101,457,127,000,000,000",-,-,-,-
NM_006194.3(PAX9):c.76C>T(p.Arg26Trp),14:37132173-37132173,T,downstream_gene_variant,MODIFIER,PAX9,ENSG00000198807,Transcript,ENST00000553267.1,processed_transcript,-,-,-,-,-,-,-,-,-,"rs28933972,CM032984,COSV64062712",960,1,-,HGNC,8623,-,-,-,-,-,-,pathogenic,"0,0,1","1,1,1","194,299,101,457,127,000,000,000",-,-,-,-
NM_006194.3(PAX9):c.76C>T(p.Arg26Trp),14:37132173-37132173,T,5_prime_UTR_variant,MODIFIER,PAX9,ENSG00000198807,Transcript,ENST00000554201.1,protein_coding,3-Jan,-,-,-,395,-,-,-,-,"rs28933972,CM032984,COSV64062712",-,1,-,HGNC,8623,-,-,-,-,-,-,pathogenic,"0,0,1","1,1,1","194,299,101,457,127,000,000,000",-,-,-,-
NM_006194.3(PAX9):c.76C>T(p.Arg26Trp),14:37132173-37132173,T,upstream_gene_variant,MODIFIER,RP11-964E11.2,ENSG00000258661,Transcript,ENST00000555107.1,antisense,-,-,-,-,-,-,-,-,-,"rs28933972,CM032984,COSV64062712",4167,-1,-,Clone_based_vega_gene,-,-,-,-,-,-,-,pathogenic,"0,0,1","1,1,1","194,299,101,457,127,000,000,000",-,-,-,-
NM_006194.3(PAX9):c.76C>T(p.Arg26Trp),14:37132173-37132173,T,non_coding_transcript_exon_variant,MODIFIER,PAX9,ENSG00000198807,Transcript,ENST00000555639.1,processed_transcript,3-Mar,-,-,-,378,-,-,-,-,"rs28933972,CM032984,COSV64062712",-,1,-,HGNC,8623,-,-,-,-,-,-,pathogenic,"0,0,1","1,1,1","194,299,101,457,127,000,000,000",-,-,-,-
NM_006194.3(PAX9):c.76C>T(p.Arg26Trp),14:37132173-37132173,T,upstream_gene_variant,MODIFIER,PAX9,ENSG00000198807,Transcript,ENST00000557107.1,processed_transcript,-,-,-,-,-,-,-,-,-,"rs28933972,CM032984,COSV64062712",3022,1,-,HGNC,8623,-,-,-,-,-,-,pathogenic,"0,0,1","1,1,1","194,299,101,457,127,000,000,000",-,-,-,-
NM_006194.3(PAX9):c.76C>T(p.Arg26Trp),14:37132173-37132173,T,regulatory_region_variant,MODIFIER,-,-,RegulatoryFeature,ENSR00001068174,-,-,-,-,-,-,-,-,-,-,"rs28933972,CM032984,COSV64062712",-,-,-,-,-,-,-,-,-,-,-,pathogenic,"0,0,1","1,1,1","194,299,101,457,127,000,000,000",-,-,-,-
NM_006194.3(PAX9):c.76C>T(p.Arg26Trp),14:37132173-37132173,T,TF_binding_site_variant,MODIFIER,-,-,MotifFeature,ENSM00522895307,-,-,-,-,-,-,-,-,-,-,"rs28933972,CM032984,COSV64062712",-,1,-,-,-,-,-,-,-,-,-,pathogenic,"0,0,1","1,1,1","194,299,101,457,127,000,000,000",ENSM00522895307,10,Y,0.047
NM_006194.3(PAX9):c.83G>C(p.Arg28Pro),14:37132180-37132180,C,missense_variant,MODERATE,PAX9,ENSG00000198807,Transcript,ENST00000361487.6,protein_coding,4-Feb,-,-,-,308,83,28,R/P,cGc/cCc,"rs28933971,CM040239",-,1,-,HGNC,8623,-,-,-,deleterious(0),probably_damaging(0.999),-,pathogenic,-,"1,1",14689302,-,-,-,-
NM_006194.3(PAX9):c.83G>C(p.Arg28Pro),14:37132180-37132180,C,missense_variant,MODERATE,PAX9,ENSG00000198807,Transcript,ENST00000402703.2,protein_coding,5-Mar,-,-,-,809,83,28,R/P,cGc/cCc,"rs28933971,CM040239",-,1,-,HGNC,8623,-,-,-,deleterious(0),probably_damaging(0.999),-,pathogenic,-,"1,1",14689302,-,-,-,-
NM_006194.3(PAX9):c.83G>C(p.Arg28Pro),14:37132180-37132180,C,downstream_gene_variant,MODIFIER,PAX9,ENSG00000198807,Transcript,ENST00000553267.1,processed_transcript,-,-,-,-,-,-,-,-,-,"rs28933971,CM040239",967,1,-,HGNC,8623,-,-,-,-,-,-,pathogenic,-,"1,1",14689302,-,-,-,-
NM_006194.3(PAX9):c.83G>C(p.Arg28Pro),14:37132180-37132180,C,5_prime_UTR_variant,MODIFIER,PAX9,ENSG00000198807,Transcript,ENST00000554201.1,protein_coding,3-Jan,-,-,-,402,-,-,-,-,"rs28933971,CM040239",-,1,-,HGNC,8623,-,-,-,-,-,-,pathogenic,-,"1,1",14689302,-,-,-,-
NM_006194.3(PAX9):c.83G>C(p.Arg28Pro),14:37132180-37132180,C,upstream_gene_variant,MODIFIER,RP11-964E11.2,ENSG00000258661,Transcript,ENST00000555107.1,antisense,-,-,-,-,-,-,-,-,-,"rs28933971,CM040239",4174,-1,-,Clone_based_vega_gene,-,-,-,-,-,-,-,pathogenic,-,"1,1",14689302,-,-,-,-
NM_006194.3(PAX9):c.83G>C(p.Arg28Pro),14:37132180-37132180,C,non_coding_transcript_exon_variant,MODIFIER,PAX9,ENSG00000198807,Transcript,ENST00000555639.1,processed_transcript,3-Mar,-,-,-,385,-,-,-,-,"rs28933971,CM040239",-,1,-,HGNC,8623,-,-,-,-,-,-,pathogenic,-,"1,1",14689302,-,-,-,-
NM_006194.3(PAX9):c.83G>C(p.Arg28Pro),14:37132180-37132180,C,upstream_gene_variant,MODIFIER,PAX9,ENSG00000198807,Transcript,ENST00000557107.1,processed_transcript,-,-,-,-,-,-,-,-,-,"rs28933971,CM040239",3015,1,-,HGNC,8623,-,-,-,-,-,-,pathogenic,-,"1,1",14689302,-,-,-,-
NM_006194.3(PAX9):c.83G>C(p.Arg28Pro),14:37132180-37132180,C,regulatory_region_variant,MODIFIER,-,-,RegulatoryFeature,ENSR00001068174,-,-,-,-,-,-,-,-,-,-,"rs28933971,CM040239",-,-,-,-,-,-,-,-,-,-,-,pathogenic,-,"1,1",14689302,-,-,-,-
NM_006194.3(PAX9):c.83G>C(p.Arg28Pro),14:37132180-37132180,C,TF_binding_site_variant,MODIFIER,-,-,MotifFeature,ENSM00522895307,-,-,-,-,-,-,-,-,-,-,"rs28933971,CM040239",-,1,-,-,-,-,-,-,-,-,-,pathogenic,-,"1,1",14689302,ENSM00522895307,17,N,0.003
NM_006194.3(PAX9):c.139C>T(p.Arg47Trp),14:37132236-37132236,T,missense_variant,MODERATE,PAX9,ENSG00000198807,Transcript,ENST00000361487.6,protein_coding,4-Feb,-,-,-,364,139,47,R/W,Cgg/Tgg,"rs121917720,CM057463",-,1,-,HGNC,8623,-,-,-,deleterious(0),probably_damaging(0.998),-,pathogenic,-,"1,1","1,619,136,017,910,060",-,-,-,-
NM_006194.3(PAX9):c.139C>T(p.Arg47Trp),14:37132236-37132236,T,missense_variant,MODERATE,PAX9,ENSG00000198807,Transcript,ENST00000402703.2,protein_coding,5-Mar,-,-,-,865,139,47,R/W,Cgg/Tgg,"rs121917720,CM057463",-,1,-,HGNC,8623,-,-,-,deleterious(0),probably_damaging(0.998),-,pathogenic,-,"1,1","1,619,136,017,910,060",-,-,-,-
NM_006194.3(PAX9):c.139C>T(p.Arg47Trp),14:37132236-37132236,T,downstream_gene_variant,MODIFIER,PAX9,ENSG00000198807,Transcript,ENST00000553267.1,processed_transcript,-,-,-,-,-,-,-,-,-,"rs121917720,CM057463",1023,1,-,HGNC,8623,-,-,-,-,-,-,pathogenic,-,"1,1","1,619,136,017,910,060",-,-,-,-
NM_006194.3(PAX9):c.139C>T(p.Arg47Trp),14:37132236-37132236,T,5_prime_UTR_variant,MODIFIER,PAX9,ENSG00000198807,Transcript,ENST00000554201.1,protein_coding,3-Jan,-,-,-,458,-,-,-,-,"rs121917720,CM057463",-,1,-,HGNC,8623,-,-,-,-,-,-,pathogenic,-,"1,1","1,619,136,017,910,060",-,-,-,-
NM_006194.3(PAX9):c.139C>T(p.Arg47Trp),14:37132236-37132236,T,upstream_gene_variant,MODIFIER,RP11-964E11.2,ENSG00000258661,Transcript,ENST00000555107.1,antisense,-,-,-,-,-,-,-,-,-,"rs121917720,CM057463",4230,-1,-,Clone_based_vega_gene,-,-,-,-,-,-,-,pathogenic,-,"1,1","1,619,136,017,910,060",-,-,-,-
NM_006194.3(PAX9):c.139C>T(p.Arg47Trp),14:37132236-37132236,T,non_coding_transcript_exon_variant,MODIFIER,PAX9,ENSG00000198807,Transcript,ENST00000555639.1,processed_transcript,3-Mar,-,-,-,441,-,-,-,-,"rs121917720,CM057463",-,1,-,HGNC,8623,-,-,-,-,-,-,pathogenic,-,"1,1","1,619,136,017,910,060",-,-,-,-
NM_006194.3(PAX9):c.139C>T(p.Arg47Trp),14:37132236-37132236,T,upstream_gene_variant,MODIFIER,PAX9,ENSG00000198807,Transcript,ENST00000557107.1,processed_transcript,-,-,-,-,-,-,-,-,-,"rs121917720,CM057463",2959,1,-,HGNC,8623,-,-,-,-,-,-,pathogenic,-,"1,1","1,619,136,017,910,060",-,-,-,-
NM_006194.3(PAX9):c.139C>T(p.Arg47Trp),14:37132236-37132236,T,regulatory_region_variant,MODIFIER,-,-,RegulatoryFeature,ENSR00001068174,-,-,-,-,-,-,-,-,-,-,"rs121917720,CM057463",-,-,-,-,-,-,-,-,-,-,-,pathogenic,-,"1,1","1,619,136,017,910,060",-,-,-,-
NM_006194.3(PAX9):c.150C>T(p.His50=),14:37132247-37132247,T,synonymous_variant,LOW,PAX9,ENSG00000198807,Transcript,ENST00000361487.6,protein_coding,4-Feb,-,-,-,375,150,50,H,caC/caT,rs753143072,-,1,-,HGNC,8623,-,-,-,-,-,-,uncertain_significance,-,1,-,-,-,-,-
NM_006194.3(PAX9):c.150C>T(p.His50=),14:37132247-37132247,T,synonymous_variant,LOW,PAX9,ENSG00000198807,Transcript,ENST00000402703.2,protein_coding,5-Mar,-,-,-,876,150,50,H,caC/caT,rs753143072,-,1,-,HGNC,8623,-,-,-,-,-,-,uncertain_significance,-,1,-,-,-,-,-
NM_006194.3(PAX9):c.150C>T(p.His50=),14:37132247-37132247,T,downstream_gene_variant,MODIFIER,PAX9,ENSG00000198807,Transcript,ENST00000553267.1,processed_transcript,-,-,-,-,-,-,-,-,-,rs753143072,1034,1,-,HGNC,8623,-,-,-,-,-,-,uncertain_significance,-,1,-,-,-,-,-
NM_006194.3(PAX9):c.150C>T(p.His50=),14:37132247-37132247,T,5_prime_UTR_variant,MODIFIER,PAX9,ENSG00000198807,Transcript,ENST00000554201.1,protein_coding,3-Jan,-,-,-,469,-,-,-,-,rs753143072,-,1,-,HGNC,8623,-,-,-,-,-,-,uncertain_significance,-,1,-,-,-,-,-
NM_006194.3(PAX9):c.150C>T(p.His50=),14:37132247-37132247,T,upstream_gene_variant,MODIFIER,RP11-964E11.2,ENSG00000258661,Transcript,ENST00000555107.1,antisense,-,-,-,-,-,-,-,-,-,rs753143072,4241,-1,-,Clone_based_vega_gene,-,-,-,-,-,-,-,uncertain_significance,-,1,-,-,-,-,-
NM_006194.3(PAX9):c.150C>T(p.His50=),14:37132247-37132247,T,non_coding_transcript_exon_variant,MODIFIER,PAX9,ENSG00000198807,Transcript,ENST00000555639.1,processed_transcript,3-Mar,-,-,-,452,-,-,-,-,rs753143072,-,1,-,HGNC,8623,-,-,-,-,-,-,uncertain_significance,-,1,-,-,-,-,-
NM_006194.3(PAX9):c.150C>T(p.His50=),14:37132247-37132247,T,upstream_gene_variant,MODIFIER,PAX9,ENSG00000198807,Transcript,ENST00000557107.1,processed_transcript,-,-,-,-,-,-,-,-,-,rs753143072,2948,1,-,HGNC,8623,-,-,-,-,-,-,uncertain_significance,-,1,-,-,-,-,-
NM_006194.3(PAX9):c.150C>T(p.His50=),14:37132247-37132247,T,regulatory_region_variant,MODIFIER,-,-,RegulatoryFeature,ENSR00001068174,-,-,-,-,-,-,-,-,-,-,rs753143072,-,-,-,-,-,-,-,-,-,-,-,uncertain_significance,-,1,-,-,-,-,-
NM_006194.3(PAX9):c.151G>A(p.Gly51Ser),14:37132248-37132248,A,missense_variant,MODERATE,PAX9,ENSG00000198807,Transcript,ENST00000361487.6,protein_coding,4-Feb,-,-,-,376,151,51,G/S,Ggc/Agc,"rs104894469,CM033976",-,1,-,HGNC,8623,-,-,-,deleterious(0),probably_damaging(0.999),-,pathogenic,-,"1,1","1,942,991,012,786,960",-,-,-,-
NM_006194.3(PAX9):c.151G>A(p.Gly51Ser),14:37132248-37132248,A,missense_variant,MODERATE,PAX9,ENSG00000198807,Transcript,ENST00000402703.2,protein_coding,5-Mar,-,-,-,877,151,51,G/S,Ggc/Agc,"rs104894469,CM033976",-,1,-,HGNC,8623,-,-,-,deleterious(0),probably_damaging(0.999),-,pathogenic,-,"1,1","1,942,991,012,786,960",-,-,-,-
NM_006194.3(PAX9):c.151G>A(p.Gly51Ser),14:37132248-37132248,A,downstream_gene_variant,MODIFIER,PAX9,ENSG00000198807,Transcript,ENST00000553267.1,processed_transcript,-,-,-,-,-,-,-,-,-,"rs104894469,CM033976",1035,1,-,HGNC,8623,-,-,-,-,-,-,pathogenic,-,"1,1","1,942,991,012,786,960",-,-,-,-
NM_006194.3(PAX9):c.151G>A(p.Gly51Ser),14:37132248-37132248,A,5_prime_UTR_variant,MODIFIER,PAX9,ENSG00000198807,Transcript,ENST00000554201.1,protein_coding,3-Jan,-,-,-,470,-,-,-,-,"rs104894469,CM033976",-,1,-,HGNC,8623,-,-,-,-,-,-,pathogenic,-,"1,1","1,942,991,012,786,960",-,-,-,-
NM_006194.3(PAX9):c.151G>A(p.Gly51Ser),14:37132248-37132248,A,upstream_gene_variant,MODIFIER,RP11-964E11.2,ENSG00000258661,Transcript,ENST00000555107.1,antisense,-,-,-,-,-,-,-,-,-,"rs104894469,CM033976",4242,-1,-,Clone_based_vega_gene,-,-,-,-,-,-,-,pathogenic,-,"1,1","1,942,991,012,786,960",-,-,-,-
NM_006194.3(PAX9):c.151G>A(p.Gly51Ser),14:37132248-37132248,A,non_coding_transcript_exon_variant,MODIFIER,PAX9,ENSG00000198807,Transcript,ENST00000555639.1,processed_transcript,3-Mar,-,-,-,453,-,-,-,-,"rs104894469,CM033976",-,1,-,HGNC,8623,-,-,-,-,-,-,pathogenic,-,"1,1","1,942,991,012,786,960",-,-,-,-
NM_006194.3(PAX9):c.151G>A(p.Gly51Ser),14:37132248-37132248,A,upstream_gene_variant,MODIFIER,PAX9,ENSG00000198807,Transcript,ENST00000557107.1,processed_transcript,-,-,-,-,-,-,-,-,-,"rs104894469,CM033976",2947,1,-,HGNC,8623,-,-,-,-,-,-,pathogenic,-,"1,1","1,942,991,012,786,960",-,-,-,-
NM_006194.3(PAX9):c.151G>A(p.Gly51Ser),14:37132248-37132248,A,regulatory_region_variant,MODIFIER,-,-,RegulatoryFeature,ENSR00001068174,-,-,-,-,-,-,-,-,-,-,"rs104894469,CM033976",-,-,-,-,-,-,-,-,-,-,-,pathogenic,-,"1,1","1,942,991,012,786,960",-,-,-,-
NM_006194.3(PAX9):c.180C>A(p.Tyr60Ter),14:37132277-37132277,A,stop_gained,HIGH,PAX9,ENSG00000198807,Transcript,ENST00000361487.6,protein_coding,4-Feb,-,-,-,405,180,60,Y/*,taC/taA,rs1555316704,-,1,-,HGNC,8623,-,-,-,-,-,-,pathogenic,-,1,-,-,-,-,-
NM_006194.3(PAX9):c.180C>A(p.Tyr60Ter),14:37132277-37132277,A,stop_gained,HIGH,PAX9,ENSG00000198807,Transcript,ENST00000402703.2,protein_coding,5-Mar,-,-,-,906,180,60,Y/*,taC/taA,rs1555316704,-,1,-,HGNC,8623,-,-,-,-,-,-,pathogenic,-,1,-,-,-,-,-
NM_006194.3(PAX9):c.180C>A(p.Tyr60Ter),14:37132277-37132277,A,downstream_gene_variant,MODIFIER,PAX9,ENSG00000198807,Transcript,ENST00000553267.1,processed_transcript,-,-,-,-,-,-,-,-,-,rs1555316704,1064,1,-,HGNC,8623,-,-,-,-,-,-,pathogenic,-,1,-,-,-,-,-
NM_006194.3(PAX9):c.180C>A(p.Tyr60Ter),14:37132277-37132277,A,5_prime_UTR_variant,MODIFIER,PAX9,ENSG00000198807,Transcript,ENST00000554201.1,protein_coding,3-Jan,-,-,-,499,-,-,-,-,rs1555316704,-,1,-,HGNC,8623,-,-,-,-,-,-,pathogenic,-,1,-,-,-,-,-
NM_006194.3(PAX9):c.180C>A(p.Tyr60Ter),14:37132277-37132277,A,upstream_gene_variant,MODIFIER,RP11-964E11.2,ENSG00000258661,Transcript,ENST00000555107.1,antisense,-,-,-,-,-,-,-,-,-,rs1555316704,4271,-1,-,Clone_based_vega_gene,-,-,-,-,-,-,-,pathogenic,-,1,-,-,-,-,-
NM_006194.3(PAX9):c.180C>A(p.Tyr60Ter),14:37132277-37132277,A,non_coding_transcript_exon_variant,MODIFIER,PAX9,ENSG00000198807,Transcript,ENST00000555639.1,processed_transcript,3-Mar,-,-,-,482,-,-,-,-,rs1555316704,-,1,-,HGNC,8623,-,-,-,-,-,-,pathogenic,-,1,-,-,-,-,-
NM_006194.3(PAX9):c.180C>A(p.Tyr60Ter),14:37132277-37132277,A,upstream_gene_variant,MODIFIER,PAX9,ENSG00000198807,Transcript,ENST00000557107.1,processed_transcript,-,-,-,-,-,-,-,-,-,rs1555316704,2918,1,-,HGNC,8623,-,-,-,-,-,-,pathogenic,-,1,-,-,-,-,-
NM_006194.3(PAX9):c.180C>A(p.Tyr60Ter),14:37132277-37132277,A,regulatory_region_variant,MODIFIER,-,-,RegulatoryFeature,ENSR00001068174,-,-,-,-,-,-,-,-,-,-,rs1555316704,-,-,-,-,-,-,-,-,-,-,-,pathogenic,-,1,-,-,-,-,-
NM_006194.3(PAX9):c.180C>A(p.Tyr60Ter),14:37132277-37132277,A,TF_binding_site_variant,MODIFIER,-,-,MotifFeature,ENSM00907396780,-,-,-,-,-,-,-,-,-,-,rs1555316704,-,1,-,-,-,-,-,-,-,-,-,pathogenic,-,1,-,ENSM00907396780,6,N,0.056
NM_006194.3(PAX9):c.259A>T(p.Ile87Phe),14:37132356-37132356,T,missense_variant,MODERATE,PAX9,ENSG00000198807,Transcript,ENST00000361487.6,protein_coding,4-Feb,-,-,-,484,259,87,I/F,Atc/Ttc,"rs104894468,CM061162",-,1,-,HGNC,8623,-,-,-,deleterious(0),probably_damaging(0.998),-,"pathogenic,uncertain_significance",-,"1,1","1,942,991,016,479,260",-,-,-,-
NM_006194.3(PAX9):c.259A>T(p.Ile87Phe),14:37132356-37132356,T,missense_variant,MODERATE,PAX9,ENSG00000198807,Transcript,ENST00000402703.2,protein_coding,5-Mar,-,-,-,985,259,87,I/F,Atc/Ttc,"rs104894468,CM061162",-,1,-,HGNC,8623,-,-,-,deleterious(0),probably_damaging(0.998),-,"pathogenic,uncertain_significance",-,"1,1","1,942,991,016,479,260",-,-,-,-
NM_006194.3(PAX9):c.259A>T(p.Ile87Phe),14:37132356-37132356,T,downstream_gene_variant,MODIFIER,PAX9,ENSG00000198807,Transcript,ENST00000553267.1,processed_transcript,-,-,-,-,-,-,-,-,-,"rs104894468,CM061162",1143,1,-,HGNC,8623,-,-,-,-,-,-,"pathogenic,uncertain_significance",-,"1,1","1,942,991,016,479,260",-,-,-,-
NM_006194.3(PAX9):c.259A>T(p.Ile87Phe),14:37132356-37132356,T,5_prime_UTR_variant,MODIFIER,PAX9,ENSG00000198807,Transcript,ENST00000554201.1,protein_coding,3-Jan,-,-,-,578,-,-,-,-,"rs104894468,CM061162",-,1,-,HGNC,8623,-,-,-,-,-,-,"pathogenic,uncertain_significance",-,"1,1","1,942,991,016,479,260",-,-,-,-
NM_006194.3(PAX9):c.259A>T(p.Ile87Phe),14:37132356-37132356,T,upstream_gene_variant,MODIFIER,RP11-964E11.2,ENSG00000258661,Transcript,ENST00000555107.1,antisense,-,-,-,-,-,-,-,-,-,"rs104894468,CM061162",4350,-1,-,Clone_based_vega_gene,-,-,-,-,-,-,-,"pathogenic,uncertain_significance",-,"1,1","1,942,991,016,479,260",-,-,-,-
NM_006194.3(PAX9):c.259A>T(p.Ile87Phe),14:37132356-37132356,T,downstream_gene_variant,MODIFIER,PAX9,ENSG00000198807,Transcript,ENST00000555639.1,processed_transcript,-,-,-,-,-,-,-,-,-,"rs104894468,CM061162",8,1,-,HGNC,8623,-,-,-,-,-,-,"pathogenic,uncertain_significance",-,"1,1","1,942,991,016,479,260",-,-,-,-
NM_006194.3(PAX9):c.259A>T(p.Ile87Phe),14:37132356-37132356,T,upstream_gene_variant,MODIFIER,PAX9,ENSG00000198807,Transcript,ENST00000557107.1,processed_transcript,-,-,-,-,-,-,-,-,-,"rs104894468,CM061162",2839,1,-,HGNC,8623,-,-,-,-,-,-,"pathogenic,uncertain_significance",-,"1,1","1,942,991,016,479,260",-,-,-,-
NM_006194.3(PAX9):c.259A>T(p.Ile87Phe),14:37132356-37132356,T,regulatory_region_variant,MODIFIER,-,-,RegulatoryFeature,ENSR00001068174,-,-,-,-,-,-,-,-,-,-,"rs104894468,CM061162",-,-,-,-,-,-,-,-,-,-,-,"pathogenic,uncertain_significance",-,"1,1","1,942,991,016,479,260",-,-,-,-
NM_006194.3(PAX9):c.271A>G(p.Lys91Glu),14:37132368-37132368,G,missense_variant,MODERATE,PAX9,ENSG00000198807,Transcript,ENST00000361487.6,protein_coding,4-Feb,-,-,-,496,271,91,K/E,Aag/Gag,"rs28933373,CM030696",-,1,-,HGNC,8623,-,-,-,deleterious(0),probably_damaging(0.995),-,"pathogenic,uncertain_significance",-,"1,1","1,260,543,819,429,910",-,-,-,-
NM_006194.3(PAX9):c.271A>G(p.Lys91Glu),14:37132368-37132368,G,missense_variant,MODERATE,PAX9,ENSG00000198807,Transcript,ENST00000402703.2,protein_coding,5-Mar,-,-,-,997,271,91,K/E,Aag/Gag,"rs28933373,CM030696",-,1,-,HGNC,8623,-,-,-,deleterious(0),probably_damaging(0.995),-,"pathogenic,uncertain_significance",-,"1,1","1,260,543,819,429,910",-,-,-,-
NM_006194.3(PAX9):c.271A>G(p.Lys91Glu),14:37132368-37132368,G,downstream_gene_variant,MODIFIER,PAX9,ENSG00000198807,Transcript,ENST00000553267.1,processed_transcript,-,-,-,-,-,-,-,-,-,"rs28933373,CM030696",1155,1,-,HGNC,8623,-,-,-,-,-,-,"pathogenic,uncertain_significance",-,"1,1","1,260,543,819,429,910",-,-,-,-
NM_006194.3(PAX9):c.271A>G(p.Lys91Glu),14:37132368-37132368,G,5_prime_UTR_variant,MODIFIER,PAX9,ENSG00000198807,Transcript,ENST00000554201.1,protein_coding,3-Jan,-,-,-,590,-,-,-,-,"rs28933373,CM030696",-,1,-,HGNC,8623,-,-,-,-,-,-,"pathogenic,uncertain_significance",-,"1,1","1,260,543,819,429,910",-,-,-,-
NM_006194.3(PAX9):c.271A>G(p.Lys91Glu),14:37132368-37132368,G,upstream_gene_variant,MODIFIER,RP11-964E11.2,ENSG00000258661,Transcript,ENST00000555107.1,antisense,-,-,-,-,-,-,-,-,-,"rs28933373,CM030696",4362,-1,-,Clone_based_vega_gene,-,-,-,-,-,-,-,"pathogenic,uncertain_significance",-,"1,1","1,260,543,819,429,910",-,-,-,-
NM_006194.3(PAX9):c.271A>G(p.Lys91Glu),14:37132368-37132368,G,downstream_gene_variant,MODIFIER,PAX9,ENSG00000198807,Transcript,ENST00000555639.1,processed_transcript,-,-,-,-,-,-,-,-,-,"rs28933373,CM030696",20,1,-,HGNC,8623,-,-,-,-,-,-,"pathogenic,uncertain_significance",-,"1,1","1,260,543,819,429,910",-,-,-,-
NM_006194.3(PAX9):c.271A>G(p.Lys91Glu),14:37132368-37132368,G,upstream_gene_variant,MODIFIER,PAX9,ENSG00000198807,Transcript,ENST00000557107.1,processed_transcript,-,-,-,-,-,-,-,-,-,"rs28933373,CM030696",2827,1,-,HGNC,8623,-,-,-,-,-,-,"pathogenic,uncertain_significance",-,"1,1","1,260,543,819,429,910",-,-,-,-
NM_006194.3(PAX9):c.271A>G(p.Lys91Glu),14:37132368-37132368,G,regulatory_region_variant,MODIFIER,-,-,RegulatoryFeature,ENSR00001068174,-,-,-,-,-,-,-,-,-,-,"rs28933373,CM030696",-,-,-,-,-,-,-,-,-,-,-,"pathogenic,uncertain_significance",-,"1,1","1,260,543,819,429,910",-,-,-,-
NM_006194.3(PAX9):c.289A>C(p.Ile97Leu),14:37132386-37132386,C,missense_variant,MODERATE,PAX9,ENSG00000198807,Transcript,ENST00000361487.6,protein_coding,4-Feb,-,-,-,514,289,97,I/L,Atc/Ctc,rs886050492,-,1,-,HGNC,8623,-,-,-,deleterious(0.01),probably_damaging(0.966),-,uncertain_significance,-,1,-,-,-,-,-
NM_006194.3(PAX9):c.289A>C(p.Ile97Leu),14:37132386-37132386,C,missense_variant,MODERATE,PAX9,ENSG00000198807,Transcript,ENST00000402703.2,protein_coding,5-Mar,-,-,-,1015,289,97,I/L,Atc/Ctc,rs886050492,-,1,-,HGNC,8623,-,-,-,deleterious(0.01),probably_damaging(0.966),-,uncertain_significance,-,1,-,-,-,-,-
NM_006194.3(PAX9):c.289A>C(p.Ile97Leu),14:37132386-37132386,C,downstream_gene_variant,MODIFIER,PAX9,ENSG00000198807,Transcript,ENST00000553267.1,processed_transcript,-,-,-,-,-,-,-,-,-,rs886050492,1173,1,-,HGNC,8623,-,-,-,-,-,-,uncertain_significance,-,1,-,-,-,-,-
NM_006194.3(PAX9):c.289A>C(p.Ile97Leu),14:37132386-37132386,C,5_prime_UTR_variant,MODIFIER,PAX9,ENSG00000198807,Transcript,ENST00000554201.1,protein_coding,3-Jan,-,-,-,608,-,-,-,-,rs886050492,-,1,-,HGNC,8623,-,-,-,-,-,-,uncertain_significance,-,1,-,-,-,-,-
NM_006194.3(PAX9):c.289A>C(p.Ile97Leu),14:37132386-37132386,C,upstream_gene_variant,MODIFIER,RP11-964E11.2,ENSG00000258661,Transcript,ENST00000555107.1,antisense,-,-,-,-,-,-,-,-,-,rs886050492,4380,-1,-,Clone_based_vega_gene,-,-,-,-,-,-,-,uncertain_significance,-,1,-,-,-,-,-
NM_006194.3(PAX9):c.289A>C(p.Ile97Leu),14:37132386-37132386,C,downstream_gene_variant,MODIFIER,PAX9,ENSG00000198807,Transcript,ENST00000555639.1,processed_transcript,-,-,-,-,-,-,-,-,-,rs886050492,38,1,-,HGNC,8623,-,-,-,-,-,-,uncertain_significance,-,1,-,-,-,-,-
NM_006194.3(PAX9):c.289A>C(p.Ile97Leu),14:37132386-37132386,C,upstream_gene_variant,MODIFIER,PAX9,ENSG00000198807,Transcript,ENST00000557107.1,processed_transcript,-,-,-,-,-,-,-,-,-,rs886050492,2809,1,-,HGNC,8623,-,-,-,-,-,-,uncertain_significance,-,1,-,-,-,-,-
NM_006194.3(PAX9):c.289A>C(p.Ile97Leu),14:37132386-37132386,C,regulatory_region_variant,MODIFIER,-,-,RegulatoryFeature,ENSR00001068174,-,-,-,-,-,-,-,-,-,-,rs886050492,-,-,-,-,-,-,-,-,-,-,-,uncertain_significance,-,1,-,-,-,-,-
NM_006194.3(PAX9):c.336C>G(p.Cys112Trp),14:37132433-37132433,G,missense_variant,MODERATE,PAX9,ENSG00000198807,Transcript,ENST00000361487.6,protein_coding,4-Feb,-,-,-,561,336,112,C/W,tgC/tgG,rs587776350,-,1,-,HGNC,8623,-,-,-,deleterious(0),probably_damaging(1),-,pathogenic,-,1,-,-,-,-,-
NM_006194.3(PAX9):c.336C>G(p.Cys112Trp),14:37132433-37132433,G,missense_variant,MODERATE,PAX9,ENSG00000198807,Transcript,ENST00000402703.2,protein_coding,5-Mar,-,-,-,1062,336,112,C/W,tgC/tgG,rs587776350,-,1,-,HGNC,8623,-,-,-,deleterious(0),probably_damaging(1),-,pathogenic,-,1,-,-,-,-,-
NM_006194.3(PAX9):c.336C>G(p.Cys112Trp),14:37132433-37132433,G,downstream_gene_variant,MODIFIER,PAX9,ENSG00000198807,Transcript,ENST00000553267.1,processed_transcript,-,-,-,-,-,-,-,-,-,rs587776350,1220,1,-,HGNC,8623,-,-,-,-,-,-,pathogenic,-,1,-,-,-,-,-
NM_006194.3(PAX9):c.336C>G(p.Cys112Trp),14:37132433-37132433,G,5_prime_UTR_variant,MODIFIER,PAX9,ENSG00000198807,Transcript,ENST00000554201.1,protein_coding,3-Jan,-,-,-,655,-,-,-,-,rs587776350,-,1,-,HGNC,8623,-,-,-,-,-,-,pathogenic,-,1,-,-,-,-,-
NM_006194.3(PAX9):c.336C>G(p.Cys112Trp),14:37132433-37132433,G,upstream_gene_variant,MODIFIER,RP11-964E11.2,ENSG00000258661,Transcript,ENST00000555107.1,antisense,-,-,-,-,-,-,-,-,-,rs587776350,4427,-1,-,Clone_based_vega_gene,-,-,-,-,-,-,-,pathogenic,-,1,-,-,-,-,-
NM_006194.3(PAX9):c.336C>G(p.Cys112Trp),14:37132433-37132433,G,downstream_gene_variant,MODIFIER,PAX9,ENSG00000198807,Transcript,ENST00000555639.1,processed_transcript,-,-,-,-,-,-,-,-,-,rs587776350,85,1,-,HGNC,8623,-,-,-,-,-,-,pathogenic,-,1,-,-,-,-,-
NM_006194.3(PAX9):c.336C>G(p.Cys112Trp),14:37132433-37132433,G,upstream_gene_variant,MODIFIER,PAX9,ENSG00000198807,Transcript,ENST00000557107.1,processed_transcript,-,-,-,-,-,-,-,-,-,rs587776350,2762,1,-,HGNC,8623,-,-,-,-,-,-,pathogenic,-,1,-,-,-,-,-
NM_006194.3(PAX9):c.336C>G(p.Cys112Trp),14:37132433-37132433,G,regulatory_region_variant,MODIFIER,-,-,RegulatoryFeature,ENSR00001068174,-,-,-,-,-,-,-,-,-,-,rs587776350,-,-,-,-,-,-,-,-,-,-,-,pathogenic,-,1,-,-,-,-,-
NM_006194.3(PAX9):c.336C>G(p.Cys112Trp),14:37132433-37132433,G,regulatory_region_variant,MODIFIER,-,-,RegulatoryFeature,ENSR00001068175,-,-,-,-,-,-,-,-,-,-,rs587776350,-,-,-,-,-,-,-,-,-,-,-,pathogenic,-,1,-,-,-,-,-
NM_006194.3(PAX9):c.340A>T(p.Lys114Ter),14:37132437-37132437,T,stop_gained,HIGH,PAX9,ENSG00000198807,Transcript,ENST00000361487.6,protein_coding,4-Feb,-,-,-,565,340,114,K/*,Aag/Tag,"rs104894467,CM013783",-,1,-,HGNC,8623,-,-,-,-,-,-,pathogenic,-,"1,1",11781684,-,-,-,-
NM_006194.3(PAX9):c.340A>T(p.Lys114Ter),14:37132437-37132437,T,stop_gained,HIGH,PAX9,ENSG00000198807,Transcript,ENST00000402703.2,protein_coding,5-Mar,-,-,-,1066,340,114,K/*,Aag/Tag,"rs104894467,CM013783",-,1,-,HGNC,8623,-,-,-,-,-,-,pathogenic,-,"1,1",11781684,-,-,-,-
NM_006194.3(PAX9):c.340A>T(p.Lys114Ter),14:37132437-37132437,T,downstream_gene_variant,MODIFIER,PAX9,ENSG00000198807,Transcript,ENST00000553267.1,processed_transcript,-,-,-,-,-,-,-,-,-,"rs104894467,CM013783",1224,1,-,HGNC,8623,-,-,-,-,-,-,pathogenic,-,"1,1",11781684,-,-,-,-
NM_006194.3(PAX9):c.340A>T(p.Lys114Ter),14:37132437-37132437,T,5_prime_UTR_variant,MODIFIER,PAX9,ENSG00000198807,Transcript,ENST00000554201.1,protein_coding,3-Jan,-,-,-,659,-,-,-,-,"rs104894467,CM013783",-,1,-,HGNC,8623,-,-,-,-,-,-,pathogenic,-,"1,1",11781684,-,-,-,-
NM_006194.3(PAX9):c.340A>T(p.Lys114Ter),14:37132437-37132437,T,upstream_gene_variant,MODIFIER,RP11-964E11.2,ENSG00000258661,Transcript,ENST00000555107.1,antisense,-,-,-,-,-,-,-,-,-,"rs104894467,CM013783",4431,-1,-,Clone_based_vega_gene,-,-,-,-,-,-,-,pathogenic,-,"1,1",11781684,-,-,-,-
NM_006194.3(PAX9):c.340A>T(p.Lys114Ter),14:37132437-37132437,T,downstream_gene_variant,MODIFIER,PAX9,ENSG00000198807,Transcript,ENST00000555639.1,processed_transcript,-,-,-,-,-,-,-,-,-,"rs104894467,CM013783",89,1,-,HGNC,8623,-,-,-,-,-,-,pathogenic,-,"1,1",11781684,-,-,-,-
NM_006194.3(PAX9):c.340A>T(p.Lys114Ter),14:37132437-37132437,T,upstream_gene_variant,MODIFIER,PAX9,ENSG00000198807,Transcript,ENST00000557107.1,processed_transcript,-,-,-,-,-,-,-,-,-,"rs104894467,CM013783",2758,1,-,HGNC,8623,-,-,-,-,-,-,pathogenic,-,"1,1",11781684,-,-,-,-
NM_006194.3(PAX9):c.340A>T(p.Lys114Ter),14:37132437-37132437,T,regulatory_region_variant,MODIFIER,-,-,RegulatoryFeature,ENSR00001068174,-,-,-,-,-,-,-,-,-,-,"rs104894467,CM013783",-,-,-,-,-,-,-,-,-,-,-,pathogenic,-,"1,1",11781684,-,-,-,-
NM_006194.3(PAX9):c.340A>T(p.Lys114Ter),14:37132437-37132437,T,regulatory_region_variant,MODIFIER,-,-,RegulatoryFeature,ENSR00001068175,-,-,-,-,-,-,-,-,-,-,"rs104894467,CM013783",-,-,-,-,-,-,-,-,-,-,-,pathogenic,-,"1,1",11781684,-,-,-,-
NM_006194.3(PAX9):c.511G>A(p.Ala171Thr),14:37132608-37132608,A,missense_variant,MODERATE,PAX9,ENSG00000198807,Transcript,ENST00000361487.6,protein_coding,4-Feb,-,-,-,736,511,171,A/T,Gcc/Acc,rs143020311,-,1,-,HGNC,8623,-,-,-,tolerated(0.39),benign(0.007),-,uncertain_significance,-,1,-,-,-,-,-
NM_006194.3(PAX9):c.511G>A(p.Ala171Thr),14:37132608-37132608,A,missense_variant,MODERATE,PAX9,ENSG00000198807,Transcript,ENST00000402703.2,protein_coding,5-Mar,-,-,-,1237,511,171,A/T,Gcc/Acc,rs143020311,-,1,-,HGNC,8623,-,-,-,tolerated(0.39),benign(0.007),-,uncertain_significance,-,1,-,-,-,-,-
NM_006194.3(PAX9):c.511G>A(p.Ala171Thr),14:37132608-37132608,A,downstream_gene_variant,MODIFIER,PAX9,ENSG00000198807,Transcript,ENST00000553267.1,processed_transcript,-,-,-,-,-,-,-,-,-,rs143020311,1395,1,-,HGNC,8623,-,-,-,-,-,-,uncertain_significance,-,1,-,-,-,-,-
NM_006194.3(PAX9):c.511G>A(p.Ala171Thr),14:37132608-37132608,A,5_prime_UTR_variant,MODIFIER,PAX9,ENSG00000198807,Transcript,ENST00000554201.1,protein_coding,3-Jan,-,-,-,830,-,-,-,-,rs143020311,-,1,-,HGNC,8623,-,-,-,-,-,-,uncertain_significance,-,1,-,-,-,-,-
NM_006194.3(PAX9):c.511G>A(p.Ala171Thr),14:37132608-37132608,A,upstream_gene_variant,MODIFIER,RP11-964E11.2,ENSG00000258661,Transcript,ENST00000555107.1,antisense,-,-,-,-,-,-,-,-,-,rs143020311,4602,-1,-,Clone_based_vega_gene,-,-,-,-,-,-,-,uncertain_significance,-,1,-,-,-,-,-
NM_006194.3(PAX9):c.511G>A(p.Ala171Thr),14:37132608-37132608,A,downstream_gene_variant,MODIFIER,PAX9,ENSG00000198807,Transcript,ENST00000555639.1,processed_transcript,-,-,-,-,-,-,-,-,-,rs143020311,260,1,-,HGNC,8623,-,-,-,-,-,-,uncertain_significance,-,1,-,-,-,-,-
NM_006194.3(PAX9):c.511G>A(p.Ala171Thr),14:37132608-37132608,A,upstream_gene_variant,MODIFIER,PAX9,ENSG00000198807,Transcript,ENST00000557107.1,processed_transcript,-,-,-,-,-,-,-,-,-,rs143020311,2587,1,-,HGNC,8623,-,-,-,-,-,-,uncertain_significance,-,1,-,-,-,-,-
NM_006194.3(PAX9):c.511G>A(p.Ala171Thr),14:37132608-37132608,A,regulatory_region_variant,MODIFIER,-,-,RegulatoryFeature,ENSR00001068174,-,-,-,-,-,-,-,-,-,-,rs143020311,-,-,-,-,-,-,-,-,-,-,-,uncertain_significance,-,1,-,-,-,-,-
NM_006194.3(PAX9):c.511G>A(p.Ala171Thr),14:37132608-37132608,A,regulatory_region_variant,MODIFIER,-,-,RegulatoryFeature,ENSR00001068175,-,-,-,-,-,-,-,-,-,-,rs143020311,-,-,-,-,-,-,-,-,-,-,-,uncertain_significance,-,1,-,-,-,-,-
NM_006194.3(PAX9):c.524C>T(p.Thr175Met),14:37132621-37132621,T,missense_variant,MODERATE,PAX9,ENSG00000198807,Transcript,ENST00000361487.6,protein_coding,4-Feb,-,-,-,749,524,175,T/M,aCg/aTg,rs370909756,-,1,-,HGNC,8623,-,-,-,deleterious(0.01),possibly_damaging(0.877),-,uncertain_significance,-,1,-,-,-,-,-
NM_006194.3(PAX9):c.524C>T(p.Thr175Met),14:37132621-37132621,T,missense_variant,MODERATE,PAX9,ENSG00000198807,Transcript,ENST00000402703.2,protein_coding,5-Mar,-,-,-,1250,524,175,T/M,aCg/aTg,rs370909756,-,1,-,HGNC,8623,-,-,-,deleterious(0.01),possibly_damaging(0.877),-,uncertain_significance,-,1,-,-,-,-,-
NM_006194.3(PAX9):c.524C>T(p.Thr175Met),14:37132621-37132621,T,downstream_gene_variant,MODIFIER,PAX9,ENSG00000198807,Transcript,ENST00000553267.1,processed_transcript,-,-,-,-,-,-,-,-,-,rs370909756,1408,1,-,HGNC,8623,-,-,-,-,-,-,uncertain_significance,-,1,-,-,-,-,-
NM_006194.3(PAX9):c.524C>T(p.Thr175Met),14:37132621-37132621,T,5_prime_UTR_variant,MODIFIER,PAX9,ENSG00000198807,Transcript,ENST00000554201.1,protein_coding,3-Jan,-,-,-,843,-,-,-,-,rs370909756,-,1,-,HGNC,8623,-,-,-,-,-,-,uncertain_significance,-,1,-,-,-,-,-
NM_006194.3(PAX9):c.524C>T(p.Thr175Met),14:37132621-37132621,T,upstream_gene_variant,MODIFIER,RP11-964E11.2,ENSG00000258661,Transcript,ENST00000555107.1,antisense,-,-,-,-,-,-,-,-,-,rs370909756,4615,-1,-,Clone_based_vega_gene,-,-,-,-,-,-,-,uncertain_significance,-,1,-,-,-,-,-
NM_006194.3(PAX9):c.524C>T(p.Thr175Met),14:37132621-37132621,T,downstream_gene_variant,MODIFIER,PAX9,ENSG00000198807,Transcript,ENST00000555639.1,processed_transcript,-,-,-,-,-,-,-,-,-,rs370909756,273,1,-,HGNC,8623,-,-,-,-,-,-,uncertain_significance,-,1,-,-,-,-,-
NM_006194.3(PAX9):c.524C>T(p.Thr175Met),14:37132621-37132621,T,upstream_gene_variant,MODIFIER,PAX9,ENSG00000198807,Transcript,ENST00000557107.1,processed_transcript,-,-,-,-,-,-,-,-,-,rs370909756,2574,1,-,HGNC,8623,-,-,-,-,-,-,uncertain_significance,-,1,-,-,-,-,-
NM_006194.3(PAX9):c.524C>T(p.Thr175Met),14:37132621-37132621,T,regulatory_region_variant,MODIFIER,-,-,RegulatoryFeature,ENSR00001068174,-,-,-,-,-,-,-,-,-,-,rs370909756,-,-,-,-,-,-,-,-,-,-,-,uncertain_significance,-,1,-,-,-,-,-
NM_006194.3(PAX9):c.524C>T(p.Thr175Met),14:37132621-37132621,T,regulatory_region_variant,MODIFIER,-,-,RegulatoryFeature,ENSR00001068175,-,-,-,-,-,-,-,-,-,-,rs370909756,-,-,-,-,-,-,-,-,-,-,-,uncertain_significance,-,1,-,-,-,-,-
NM_006194.3(PAX9):c.683T>C(p.Leu228Pro),14:37135718-37135718,C,missense_variant,MODERATE,PAX9,ENSG00000198807,Transcript,ENST00000361487.6,protein_coding,4-Mar,-,-,-,908,683,228,L/P,cTg/cCg,rs780494094,-,1,-,HGNC,8623,-,-,-,deleterious_low_confidence(0.01),benign(0.136),-,-,-,-,-,-,-,-,-
NM_006194.3(PAX9):c.683T>C(p.Leu228Pro),14:37135718-37135718,C,missense_variant,MODERATE,PAX9,ENSG00000198807,Transcript,ENST00000402703.2,protein_coding,5-Apr,-,-,-,1409,683,228,L/P,cTg/cCg,rs780494094,-,1,-,HGNC,8623,-,-,-,deleterious_low_confidence(0.01),benign(0.136),-,-,-,-,-,-,-,-,-
NM_006194.3(PAX9):c.683T>C(p.Leu228Pro),14:37135718-37135718,C,downstream_gene_variant,MODIFIER,PAX9,ENSG00000198807,Transcript,ENST00000553267.1,processed_transcript,-,-,-,-,-,-,-,-,-,rs780494094,4505,1,-,HGNC,8623,-,-,-,-,-,-,-,-,-,-,-,-,-,-
NM_006194.3(PAX9):c.683T>C(p.Leu228Pro),14:37135718-37135718,C,missense_variant,MODERATE,PAX9,ENSG00000198807,Transcript,ENST00000554201.1,protein_coding,3-Feb,-,-,-,1002,122,41,L/P,cTg/cCg,rs780494094,-,1,-,HGNC,8623,-,-,-,deleterious(0),possibly_damaging(0.906),-,-,-,-,-,-,-,-,-
NM_006194.3(PAX9):c.683T>C(p.Leu228Pro),14:37135718-37135718,C,downstream_gene_variant,MODIFIER,PAX9,ENSG00000198807,Transcript,ENST00000555639.1,processed_transcript,-,-,-,-,-,-,-,-,-,rs780494094,3370,1,-,HGNC,8623,-,-,-,-,-,-,-,-,-,-,-,-,-,-
NM_006194.3(PAX9):c.683T>C(p.Leu228Pro),14:37135718-37135718,C,non_coding_transcript_exon_variant,MODIFIER,PAX9,ENSG00000198807,Transcript,ENST00000557107.1,processed_transcript,4-Jan,-,-,-,524,-,-,-,-,rs780494094,-,1,-,HGNC,8623,-,-,-,-,-,-,-,-,-,-,-,-,-,-
NM_006194.3(PAX9):c.683T>C(p.Leu228Pro),14:37135718-37135718,C,regulatory_region_variant,MODIFIER,-,-,RegulatoryFeature,ENSR00001566505,-,-,-,-,-,-,-,-,-,-,rs780494094,-,-,-,-,-,-,-,-,-,-,-,-,-,-,-,-,-,-,-
NM_006194.3(PAX9):c.689G>T(p.Arg230Leu),14:37135724-37135724,T,missense_variant,MODERATE,PAX9,ENSG00000198807,Transcript,ENST00000361487.6,protein_coding,4-Mar,-,-,-,914,689,230,R/L,cGc/cTc,"rs368787836,COSV64061486",-,1,-,HGNC,8623,-,-,-,deleterious_low_confidence(0),probably_damaging(0.982),-,-,"0,1","0,1",-,-,-,-,-
NM_006194.3(PAX9):c.689G>T(p.Arg230Leu),14:37135724-37135724,T,missense_variant,MODERATE,PAX9,ENSG00000198807,Transcript,ENST00000402703.2,protein_coding,5-Apr,-,-,-,1415,689,230,R/L,cGc/cTc,"rs368787836,COSV64061486",-,1,-,HGNC,8623,-,-,-,deleterious_low_confidence(0),probably_damaging(0.982),-,-,"0,1","0,1",-,-,-,-,-
NM_006194.3(PAX9):c.689G>T(p.Arg230Leu),14:37135724-37135724,T,downstream_gene_variant,MODIFIER,PAX9,ENSG00000198807,Transcript,ENST00000553267.1,processed_transcript,-,-,-,-,-,-,-,-,-,"rs368787836,COSV64061486",4511,1,-,HGNC,8623,-,-,-,-,-,-,-,"0,1","0,1",-,-,-,-,-
NM_006194.3(PAX9):c.689G>T(p.Arg230Leu),14:37135724-37135724,T,missense_variant,MODERATE,PAX9,ENSG00000198807,Transcript,ENST00000554201.1,protein_coding,3-Feb,-,-,-,1008,128,43,R/L,cGc/cTc,"rs368787836,COSV64061486",-,1,-,HGNC,8623,-,-,-,deleterious(0),probably_damaging(0.997),-,-,"0,1","0,1",-,-,-,-,-
NM_006194.3(PAX9):c.689G>T(p.Arg230Leu),14:37135724-37135724,T,downstream_gene_variant,MODIFIER,PAX9,ENSG00000198807,Transcript,ENST00000555639.1,processed_transcript,-,-,-,-,-,-,-,-,-,"rs368787836,COSV64061486",3376,1,-,HGNC,8623,-,-,-,-,-,-,-,"0,1","0,1",-,-,-,-,-
NM_006194.3(PAX9):c.689G>T(p.Arg230Leu),14:37135724-37135724,T,non_coding_transcript_exon_variant,MODIFIER,PAX9,ENSG00000198807,Transcript,ENST00000557107.1,processed_transcript,4-Jan,-,-,-,530,-,-,-,-,"rs368787836,COSV64061486",-,1,-,HGNC,8623,-,-,-,-,-,-,-,"0,1","0,1",-,-,-,-,-
NM_006194.3(PAX9):c.689G>T(p.Arg230Leu),14:37135724-37135724,T,regulatory_region_variant,MODIFIER,-,-,RegulatoryFeature,ENSR00001566505,-,-,-,-,-,-,-,-,-,-,"rs368787836,COSV64061486",-,-,-,-,-,-,-,-,-,-,-,-,"0,1","0,1",-,-,-,-,-
NM_006194.3(PAX9):c.697T>C(p.Phe233Leu),14:37135732-37135732,C,missense_variant,MODERATE,PAX9,ENSG00000198807,Transcript,ENST00000361487.6,protein_coding,4-Mar,-,-,-,922,697,233,F/L,Ttc/Ctc,rs200733091,-,1,-,HGNC,8623,-,-,-,deleterious_low_confidence(0.05),benign(0.001),-,-,-,-,-,-,-,-,-
NM_006194.3(PAX9):c.697T>C(p.Phe233Leu),14:37135732-37135732,C,missense_variant,MODERATE,PAX9,ENSG00000198807,Transcript,ENST00000402703.2,protein_coding,5-Apr,-,-,-,1423,697,233,F/L,Ttc/Ctc,rs200733091,-,1,-,HGNC,8623,-,-,-,deleterious_low_confidence(0.05),benign(0.001),-,-,-,-,-,-,-,-,-
NM_006194.3(PAX9):c.697T>C(p.Phe233Leu),14:37135732-37135732,C,downstream_gene_variant,MODIFIER,PAX9,ENSG00000198807,Transcript,ENST00000553267.1,processed_transcript,-,-,-,-,-,-,-,-,-,rs200733091,4519,1,-,HGNC,8623,-,-,-,-,-,-,-,-,-,-,-,-,-,-
NM_006194.3(PAX9):c.697T>C(p.Phe233Leu),14:37135732-37135732,C,missense_variant,MODERATE,PAX9,ENSG00000198807,Transcript,ENST00000554201.1,protein_coding,3-Feb,-,-,-,1016,136,46,F/L,Ttc/Ctc,rs200733091,-,1,-,HGNC,8623,-,-,-,deleterious(0),possibly_damaging(0.473),-,-,-,-,-,-,-,-,-
NM_006194.3(PAX9):c.697T>C(p.Phe233Leu),14:37135732-37135732,C,downstream_gene_variant,MODIFIER,PAX9,ENSG00000198807,Transcript,ENST00000555639.1,processed_transcript,-,-,-,-,-,-,-,-,-,rs200733091,3384,1,-,HGNC,8623,-,-,-,-,-,-,-,-,-,-,-,-,-,-
NM_006194.3(PAX9):c.697T>C(p.Phe233Leu),14:37135732-37135732,C,non_coding_transcript_exon_variant,MODIFIER,PAX9,ENSG00000198807,Transcript,ENST00000557107.1,processed_transcript,4-Jan,-,-,-,538,-,-,-,-,rs200733091,-,1,-,HGNC,8623,-,-,-,-,-,-,-,-,-,-,-,-,-,-
NM_006194.3(PAX9):c.697T>C(p.Phe233Leu),14:37135732-37135732,C,regulatory_region_variant,MODIFIER,-,-,RegulatoryFeature,ENSR00001566505,-,-,-,-,-,-,-,-,-,-,rs200733091,-,-,-,-,-,-,-,-,-,-,-,-,-,-,-,-,-,-,-
NM_006194.3(PAX9):c.792_793insC(p.Val265fs),14:37145423-37145423,C,downstream_gene_variant,MODIFIER,SLC25A21,ENSG00000183032,Transcript,ENST00000331299.5,protein_coding,-,-,-,-,-,-,-,-,-,-,3070,-1,-,HGNC,14411,-,-,-,-,-,-,-,-,-,-,-,-,-,-
NM_006194.3(PAX9):c.792_793insC(p.Val265fs),14:37145423-37145423,C,frameshift_variant,HIGH,PAX9,ENSG00000198807,Transcript,ENST00000361487.6,protein_coding,4-Apr,-,-,-,1017-1018,792-793,264-265,-/X,-/C,-,-,1,-,HGNC,8623,-,-,-,-,-,-,-,-,-,-,-,-,-,-
NM_006194.3(PAX9):c.792_793insC(p.Val265fs),14:37145423-37145423,C,frameshift_variant,HIGH,PAX9,ENSG00000198807,Transcript,ENST00000402703.2,protein_coding,5-May,-,-,-,1518-1519,792-793,264-265,-/X,-/C,-,-,1,-,HGNC,8623,-,-,-,-,-,-,-,-,-,-,-,-,-,-
NM_006194.3(PAX9):c.792_793insC(p.Val265fs),14:37145423-37145423,C,frameshift_variant,HIGH,PAX9,ENSG00000198807,Transcript,ENST00000554201.1,protein_coding,3-Mar,-,-,-,1101-1102,221-222,74,L/LX,ctg/ctCg,-,-,1,-,HGNC,8623,-,-,-,-,-,-,-,-,-,-,-,-,-,-
NM_006194.3(PAX9):c.792_793insC(p.Val265fs),14:37145423-37145423,C,downstream_gene_variant,MODIFIER,SLC25A21,ENSG00000183032,Transcript,ENST00000555449.1,protein_coding,-,-,-,-,-,-,-,-,-,-,2212,-1,-,HGNC,14411,-,-,-,-,-,-,-,-,-,-,-,-,-,-
NM_006194.3(PAX9):c.792_793insC(p.Val265fs),14:37145423-37145423,C,non_coding_transcript_exon_variant,MODIFIER,PAX9,ENSG00000198807,Transcript,ENST00000557107.1,processed_transcript,4-Apr,-,-,-,858-859,-,-,-,-,-,-,1,-,HGNC,8623,-,-,-,-,-,-,-,-,-,-,-,-,-,-
NM_001372076.1(PAX9):c.930G>C(p.Leu310Phe),14:37145561-37145561,C,downstream_gene_variant,MODIFIER,SLC25A21,ENSG00000183032,Transcript,ENST00000331299.5,protein_coding,-,-,-,-,-,-,-,-,-,"rs116602527,COSV58728949",2933,-1,-,HGNC,14411,-,-,-,-,-,0.0002,-,"0,1","0,1",-,-,-,-,-
NM_001372076.1(PAX9):c.930G>C(p.Leu310Phe),14:37145561-37145561,C,missense_variant,MODERATE,PAX9,ENSG00000198807,Transcript,ENST00000361487.6,protein_coding,4-Apr,-,-,-,1155,930,310,L/F,ttG/ttC,"rs116602527,COSV58728949",-,1,-,HGNC,8623,-,-,-,deleterious_low_confidence(0.01),possibly_damaging(0.796),0.0002,-,"0,1","0,1",-,-,-,-,-
NM_001372076.1(PAX9):c.930G>C(p.Leu310Phe),14:37145561-37145561,C,missense_variant,MODERATE,PAX9,ENSG00000198807,Transcript,ENST00000402703.2,protein_coding,5-May,-,-,-,1656,930,310,L/F,ttG/ttC,"rs116602527,COSV58728949",-,1,-,HGNC,8623,-,-,-,deleterious_low_confidence(0.01),possibly_damaging(0.796),0.0002,-,"0,1","0,1",-,-,-,-,-
NM_001372076.1(PAX9):c.930G>C(p.Leu310Phe),14:37145561-37145561,C,3_prime_UTR_variant,MODIFIER,PAX9,ENSG00000198807,Transcript,ENST00000554201.1,protein_coding,3-Mar,-,-,-,1239,-,-,-,-,"rs116602527,COSV58728949",-,1,-,HGNC,8623,-,-,-,-,-,0.0002,-,"0,1","0,1",-,-,-,-,-
NM_001372076.1(PAX9):c.930G>C(p.Leu310Phe),14:37145561-37145561,C,downstream_gene_variant,MODIFIER,SLC25A21,ENSG00000183032,Transcript,ENST00000555449.1,protein_coding,-,-,-,-,-,-,-,-,-,"rs116602527,COSV58728949",2075,-1,-,HGNC,14411,-,-,-,-,-,0.0002,-,"0,1","0,1",-,-,-,-,-
NM_001372076.1(PAX9):c.930G>C(p.Leu310Phe),14:37145561-37145561,C,downstream_gene_variant,MODIFIER,PAX9,ENSG00000198807,Transcript,ENST00000557107.1,processed_transcript,-,-,-,-,-,-,-,-,-,"rs116602527,COSV58728949",1,1,-,HGNC,8623,-,-,-,-,-,0.0002,-,"0,1","0,1",-,-,-,-,-
NM_001372076.1(PAX9):c.930G>C(p.Leu310Phe),14:37145561-37145561,C,regulatory_region_variant,MODIFIER,-,-,RegulatoryFeature,ENSR00001566510,-,-,-,-,-,-,-,-,-,-,"rs116602527,COSV58728949",-,-,-,-,-,-,-,-,-,-,0.0002,-,"0,1","0,1",-,-,-,-,-
NM_006194.3(PAX9):c.1020G>A(p.Ala340=),14:37145651-37145651,A,downstream_gene_variant,MODIFIER,SLC25A21,ENSG00000183032,Transcript,ENST00000331299.5,protein_coding,-,-,-,-,-,-,-,-,-,rs532670214,2843,-1,-,HGNC,14411,-,-,-,-,-,-,uncertain_significance,-,1,-,-,-,-,-
NM_006194.3(PAX9):c.1020G>A(p.Ala340=),14:37145651-37145651,A,synonymous_variant,LOW,PAX9,ENSG00000198807,Transcript,ENST00000361487.6,protein_coding,4-Apr,-,-,-,1245,1020,340,A,gcG/gcA,rs532670214,-,1,-,HGNC,8623,-,-,-,-,-,-,uncertain_significance,-,1,-,-,-,-,-
NM_006194.3(PAX9):c.1020G>A(p.Ala340=),14:37145651-37145651,A,synonymous_variant,LOW,PAX9,ENSG00000198807,Transcript,ENST00000402703.2,protein_coding,5-May,-,-,-,1746,1020,340,A,gcG/gcA,rs532670214,-,1,-,HGNC,8623,-,-,-,-,-,-,uncertain_significance,-,1,-,-,-,-,-
NM_006194.3(PAX9):c.1020G>A(p.Ala340=),14:37145651-37145651,A,downstream_gene_variant,MODIFIER,PAX9,ENSG00000198807,Transcript,ENST00000554201.1,protein_coding,-,-,-,-,-,-,-,-,-,rs532670214,40,1,-,HGNC,8623,-,-,-,-,-,-,uncertain_significance,-,1,-,-,-,-,-
NM_006194.3(PAX9):c.1020G>A(p.Ala340=),14:37145651-37145651,A,downstream_gene_variant,MODIFIER,SLC25A21,ENSG00000183032,Transcript,ENST00000555449.1,protein_coding,-,-,-,-,-,-,-,-,-,rs532670214,1985,-1,-,HGNC,14411,-,-,-,-,-,-,uncertain_significance,-,1,-,-,-,-,-
NM_006194.3(PAX9):c.1020G>A(p.Ala340=),14:37145651-37145651,A,downstream_gene_variant,MODIFIER,PAX9,ENSG00000198807,Transcript,ENST00000557107.1,processed_transcript,-,-,-,-,-,-,-,-,-,rs532670214,91,1,-,HGNC,8623,-,-,-,-,-,-,uncertain_significance,-,1,-,-,-,-,-
NM_006194.3(PAX9):c.1020G>A(p.Ala340=),14:37145651-37145651,A,regulatory_region_variant,MODIFIER,-,-,RegulatoryFeature,ENSR00001566510,-,-,-,-,-,-,-,-,-,-,rs532670214,-,-,-,-,-,-,-,-,-,-,-,uncertain_significance,-,1,-,-,-,-,-
NM_006194.3(PAX9):c.*231T>G,14:37145888-37145888,G,downstream_gene_variant,MODIFIER,SLC25A21,ENSG00000183032,Transcript,ENST00000331299.5,protein_coding,-,-,-,-,-,-,-,-,-,rs541916401,2606,-1,-,HGNC,14411,-,-,-,-,-,-,uncertain_significance,-,1,-,-,-,-,-
NM_006194.3(PAX9):c.*231T>G,14:37145888-37145888,G,3_prime_UTR_variant,MODIFIER,PAX9,ENSG00000198807,Transcript,ENST00000361487.6,protein_coding,4-Apr,-,-,-,1482,-,-,-,-,rs541916401,-,1,-,HGNC,8623,-,-,-,-,-,-,uncertain_significance,-,1,-,-,-,-,-
NM_006194.3(PAX9):c.*231T>G,14:37145888-37145888,G,3_prime_UTR_variant,MODIFIER,PAX9,ENSG00000198807,Transcript,ENST00000402703.2,protein_coding,5-May,-,-,-,1983,-,-,-,-,rs541916401,-,1,-,HGNC,8623,-,-,-,-,-,-,uncertain_significance,-,1,-,-,-,-,-
NM_006194.3(PAX9):c.*231T>G,14:37145888-37145888,G,downstream_gene_variant,MODIFIER,PAX9,ENSG00000198807,Transcript,ENST00000554201.1,protein_coding,-,-,-,-,-,-,-,-,-,rs541916401,277,1,-,HGNC,8623,-,-,-,-,-,-,uncertain_significance,-,1,-,-,-,-,-
NM_006194.3(PAX9):c.*231T>G,14:37145888-37145888,G,downstream_gene_variant,MODIFIER,SLC25A21,ENSG00000183032,Transcript,ENST00000555449.1,protein_coding,-,-,-,-,-,-,-,-,-,rs541916401,1748,-1,-,HGNC,14411,-,-,-,-,-,-,uncertain_significance,-,1,-,-,-,-,-
NM_006194.3(PAX9):c.*231T>G,14:37145888-37145888,G,downstream_gene_variant,MODIFIER,PAX9,ENSG00000198807,Transcript,ENST00000557107.1,processed_transcript,-,-,-,-,-,-,-,-,-,rs541916401,328,1,-,HGNC,8623,-,-,-,-,-,-,uncertain_significance,-,1,-,-,-,-,-
NM_006194.3(PAX9):c.*263A>G,14:37145920-37145920,G,downstream_gene_variant,MODIFIER,SLC25A21,ENSG00000183032,Transcript,ENST00000331299.5,protein_coding,-,-,-,-,-,-,-,-,-,rs563894653,2574,-1,-,HGNC,14411,-,-,-,-,-,0.0008,uncertain_significance,-,1,-,-,-,-,-
NM_006194.3(PAX9):c.*263A>G,14:37145920-37145920,G,3_prime_UTR_variant,MODIFIER,PAX9,ENSG00000198807,Transcript,ENST00000361487.6,protein_coding,4-Apr,-,-,-,1514,-,-,-,-,rs563894653,-,1,-,HGNC,8623,-,-,-,-,-,0.0008,uncertain_significance,-,1,-,-,-,-,-
NM_006194.3(PAX9):c.*263A>G,14:37145920-37145920,G,3_prime_UTR_variant,MODIFIER,PAX9,ENSG00000198807,Transcript,ENST00000402703.2,protein_coding,5-May,-,-,-,2015,-,-,-,-,rs563894653,-,1,-,HGNC,8623,-,-,-,-,-,0.0008,uncertain_significance,-,1,-,-,-,-,-
NM_006194.3(PAX9):c.*263A>G,14:37145920-37145920,G,downstream_gene_variant,MODIFIER,PAX9,ENSG00000198807,Transcript,ENST00000554201.1,protein_coding,-,-,-,-,-,-,-,-,-,rs563894653,309,1,-,HGNC,8623,-,-,-,-,-,0.0008,uncertain_significance,-,1,-,-,-,-,-
NM_006194.3(PAX9):c.*263A>G,14:37145920-37145920,G,downstream_gene_variant,MODIFIER,SLC25A21,ENSG00000183032,Transcript,ENST00000555449.1,protein_coding,-,-,-,-,-,-,-,-,-,rs563894653,1716,-1,-,HGNC,14411,-,-,-,-,-,0.0008,uncertain_significance,-,1,-,-,-,-,-
NM_006194.3(PAX9):c.*263A>G,14:37145920-37145920,G,downstream_gene_variant,MODIFIER,PAX9,ENSG00000198807,Transcript,ENST00000557107.1,processed_transcript,-,-,-,-,-,-,-,-,-,rs563894653,360,1,-,HGNC,8623,-,-,-,-,-,0.0008,uncertain_significance,-,1,-,-,-,-,-
NM_006194.3(PAX9):c.*328T>A,14:37145985-37145985,A,downstream_gene_variant,MODIFIER,SLC25A21,ENSG00000183032,Transcript,ENST00000331299.5,protein_coding,-,-,-,-,-,-,-,-,-,rs886050493,2509,-1,-,HGNC,14411,-,-,-,-,-,-,uncertain_significance,-,1,-,-,-,-,-
NM_006194.3(PAX9):c.*328T>A,14:37145985-37145985,A,3_prime_UTR_variant,MODIFIER,PAX9,ENSG00000198807,Transcript,ENST00000361487.6,protein_coding,4-Apr,-,-,-,1579,-,-,-,-,rs886050493,-,1,-,HGNC,8623,-,-,-,-,-,-,uncertain_significance,-,1,-,-,-,-,-
NM_006194.3(PAX9):c.*328T>A,14:37145985-37145985,A,3_prime_UTR_variant,MODIFIER,PAX9,ENSG00000198807,Transcript,ENST00000402703.2,protein_coding,5-May,-,-,-,2080,-,-,-,-,rs886050493,-,1,-,HGNC,8623,-,-,-,-,-,-,uncertain_significance,-,1,-,-,-,-,-
NM_006194.3(PAX9):c.*328T>A,14:37145985-37145985,A,downstream_gene_variant,MODIFIER,PAX9,ENSG00000198807,Transcript,ENST00000554201.1,protein_coding,-,-,-,-,-,-,-,-,-,rs886050493,374,1,-,HGNC,8623,-,-,-,-,-,-,uncertain_significance,-,1,-,-,-,-,-
NM_006194.3(PAX9):c.*328T>A,14:37145985-37145985,A,downstream_gene_variant,MODIFIER,SLC25A21,ENSG00000183032,Transcript,ENST00000555449.1,protein_coding,-,-,-,-,-,-,-,-,-,rs886050493,1651,-1,-,HGNC,14411,-,-,-,-,-,-,uncertain_significance,-,1,-,-,-,-,-
NM_006194.3(PAX9):c.*328T>A,14:37145985-37145985,A,downstream_gene_variant,MODIFIER,PAX9,ENSG00000198807,Transcript,ENST00000557107.1,processed_transcript,-,-,-,-,-,-,-,-,-,rs886050493,425,1,-,HGNC,8623,-,-,-,-,-,-,uncertain_significance,-,1,-,-,-,-,-
NM_006194.3(PAX9):c.*344_*345del,14:37146000-37146002,-,downstream_gene_variant,MODIFIER,SLC25A21,ENSG00000183032,Transcript,ENST00000331299.5,protein_coding,-,-,-,-,-,-,-,-,-,rs748540311,2492,-1,-,HGNC,14411,-,-,-,-,-,-,uncertain_significance,-,1,-,-,-,-,-
NM_006194.3(PAX9):c.*344_*345del,14:37146000-37146002,-,3_prime_UTR_variant,MODIFIER,PAX9,ENSG00000198807,Transcript,ENST00000361487.6,protein_coding,4-Apr,-,-,-,1595-1596,-,-,-,-,rs748540311,-,1,-,HGNC,8623,-,-,-,-,-,-,uncertain_significance,-,1,-,-,-,-,-
NM_006194.3(PAX9):c.*344_*345del,14:37146000-37146002,-,3_prime_UTR_variant,MODIFIER,PAX9,ENSG00000198807,Transcript,ENST00000402703.2,protein_coding,5-May,-,-,-,2096-2097,-,-,-,-,rs748540311,-,1,-,HGNC,8623,-,-,-,-,-,-,uncertain_significance,-,1,-,-,-,-,-
NM_006194.3(PAX9):c.*344_*345del,14:37146000-37146002,-,downstream_gene_variant,MODIFIER,PAX9,ENSG00000198807,Transcript,ENST00000554201.1,protein_coding,-,-,-,-,-,-,-,-,-,rs748540311,390,1,-,HGNC,8623,-,-,-,-,-,-,uncertain_significance,-,1,-,-,-,-,-
NM_006194.3(PAX9):c.*344_*345del,14:37146000-37146002,-,downstream_gene_variant,MODIFIER,SLC25A21,ENSG00000183032,Transcript,ENST00000555449.1,protein_coding,-,-,-,-,-,-,-,-,-,rs748540311,1634,-1,-,HGNC,14411,-,-,-,-,-,-,uncertain_significance,-,1,-,-,-,-,-
NM_006194.3(PAX9):c.*344_*345del,14:37146000-37146002,-,downstream_gene_variant,MODIFIER,PAX9,ENSG00000198807,Transcript,ENST00000557107.1,processed_transcript,-,-,-,-,-,-,-,-,-,rs748540311,441,1,-,HGNC,8623,-,-,-,-,-,-,uncertain_significance,-,1,-,-,-,-,-
NM_006194.3(PAX9):c.*511T>C,14:37146168-37146168,C,downstream_gene_variant,MODIFIER,SLC25A21,ENSG00000183032,Transcript,ENST00000331299.5,protein_coding,-,-,-,-,-,-,-,-,-,rs567411185,2326,-1,-,HGNC,14411,-,-,-,-,-,0.0002,uncertain_significance,-,1,-,-,-,-,-
NM_006194.3(PAX9):c.*511T>C,14:37146168-37146168,C,3_prime_UTR_variant,MODIFIER,PAX9,ENSG00000198807,Transcript,ENST00000361487.6,protein_coding,4-Apr,-,-,-,1762,-,-,-,-,rs567411185,-,1,-,HGNC,8623,-,-,-,-,-,0.0002,uncertain_significance,-,1,-,-,-,-,-
NM_006194.3(PAX9):c.*511T>C,14:37146168-37146168,C,3_prime_UTR_variant,MODIFIER,PAX9,ENSG00000198807,Transcript,ENST00000402703.2,protein_coding,5-May,-,-,-,2263,-,-,-,-,rs567411185,-,1,-,HGNC,8623,-,-,-,-,-,0.0002,uncertain_significance,-,1,-,-,-,-,-
NM_006194.3(PAX9):c.*511T>C,14:37146168-37146168,C,downstream_gene_variant,MODIFIER,PAX9,ENSG00000198807,Transcript,ENST00000554201.1,protein_coding,-,-,-,-,-,-,-,-,-,rs567411185,557,1,-,HGNC,8623,-,-,-,-,-,0.0002,uncertain_significance,-,1,-,-,-,-,-
NM_006194.3(PAX9):c.*511T>C,14:37146168-37146168,C,downstream_gene_variant,MODIFIER,SLC25A21,ENSG00000183032,Transcript,ENST00000555449.1,protein_coding,-,-,-,-,-,-,-,-,-,rs567411185,1468,-1,-,HGNC,14411,-,-,-,-,-,0.0002,uncertain_significance,-,1,-,-,-,-,-
NM_006194.3(PAX9):c.*511T>C,14:37146168-37146168,C,downstream_gene_variant,MODIFIER,PAX9,ENSG00000198807,Transcript,ENST00000557107.1,processed_transcript,-,-,-,-,-,-,-,-,-,rs567411185,608,1,-,HGNC,8623,-,-,-,-,-,0.0002,uncertain_significance,-,1,-,-,-,-,-
NM_006194.3(PAX9):c.*518_*521del,14:37146174-37146178,-,downstream_gene_variant,MODIFIER,SLC25A21,ENSG00000183032,Transcript,ENST00000331299.5,protein_coding,-,-,-,-,-,-,-,-,-,-,2316,-1,-,HGNC,14411,-,-,-,-,-,-,-,-,-,-,-,-,-,-
NM_006194.3(PAX9):c.*518_*521del,14:37146174-37146178,-,3_prime_UTR_variant,MODIFIER,PAX9,ENSG00000198807,Transcript,ENST00000361487.6,protein_coding,4-Apr,-,-,-,1769-1772,-,-,-,-,-,-,1,-,HGNC,8623,-,-,-,-,-,-,-,-,-,-,-,-,-,-
NM_006194.3(PAX9):c.*518_*521del,14:37146174-37146178,-,3_prime_UTR_variant,MODIFIER,PAX9,ENSG00000198807,Transcript,ENST00000402703.2,protein_coding,5-May,-,-,-,2270-2273,-,-,-,-,-,-,1,-,HGNC,8623,-,-,-,-,-,-,-,-,-,-,-,-,-,-
NM_006194.3(PAX9):c.*518_*521del,14:37146174-37146178,-,downstream_gene_variant,MODIFIER,PAX9,ENSG00000198807,Transcript,ENST00000554201.1,protein_coding,-,-,-,-,-,-,-,-,-,-,564,1,-,HGNC,8623,-,-,-,-,-,-,-,-,-,-,-,-,-,-
NM_006194.3(PAX9):c.*518_*521del,14:37146174-37146178,-,downstream_gene_variant,MODIFIER,SLC25A21,ENSG00000183032,Transcript,ENST00000555449.1,protein_coding,-,-,-,-,-,-,-,-,-,-,1458,-1,-,HGNC,14411,-,-,-,-,-,-,-,-,-,-,-,-,-,-
NM_006194.3(PAX9):c.*518_*521del,14:37146174-37146178,-,downstream_gene_variant,MODIFIER,PAX9,ENSG00000198807,Transcript,ENST00000557107.1,processed_transcript,-,-,-,-,-,-,-,-,-,-,615,1,-,HGNC,8623,-,-,-,-,-,-,-,-,-,-,-,-,-,-
NM_006194.3(PAX9):c.*902G>A,14:37146559-37146559,A,downstream_gene_variant,MODIFIER,SLC25A21,ENSG00000183032,Transcript,ENST00000331299.5,protein_coding,-,-,-,-,-,-,-,-,-,rs568062234,1935,-1,-,HGNC,14411,-,-,-,-,-,0.0016,uncertain_significance,-,1,-,-,-,-,-
NM_006194.3(PAX9):c.*902G>A,14:37146559-37146559,A,3_prime_UTR_variant,MODIFIER,PAX9,ENSG00000198807,Transcript,ENST00000361487.6,protein_coding,4-Apr,-,-,-,2153,-,-,-,-,rs568062234,-,1,-,HGNC,8623,-,-,-,-,-,0.0016,uncertain_significance,-,1,-,-,-,-,-
NM_006194.3(PAX9):c.*902G>A,14:37146559-37146559,A,3_prime_UTR_variant,MODIFIER,PAX9,ENSG00000198807,Transcript,ENST00000402703.2,protein_coding,5-May,-,-,-,2654,-,-,-,-,rs568062234,-,1,-,HGNC,8623,-,-,-,-,-,0.0016,uncertain_significance,-,1,-,-,-,-,-
NM_006194.3(PAX9):c.*902G>A,14:37146559-37146559,A,downstream_gene_variant,MODIFIER,PAX9,ENSG00000198807,Transcript,ENST00000554201.1,protein_coding,-,-,-,-,-,-,-,-,-,rs568062234,948,1,-,HGNC,8623,-,-,-,-,-,0.0016,uncertain_significance,-,1,-,-,-,-,-
NM_006194.3(PAX9):c.*902G>A,14:37146559-37146559,A,downstream_gene_variant,MODIFIER,SLC25A21,ENSG00000183032,Transcript,ENST00000555449.1,protein_coding,-,-,-,-,-,-,-,-,-,rs568062234,1077,-1,-,HGNC,14411,-,-,-,-,-,0.0016,uncertain_significance,-,1,-,-,-,-,-
NM_006194.3(PAX9):c.*902G>A,14:37146559-37146559,A,downstream_gene_variant,MODIFIER,PAX9,ENSG00000198807,Transcript,ENST00000557107.1,processed_transcript,-,-,-,-,-,-,-,-,-,rs568062234,999,1,-,HGNC,8623,-,-,-,-,-,0.0016,uncertain_significance,-,1,-,-,-,-,-
NM_006194.3(PAX9):c.*1051T>G,14:37146708-37146708,G,downstream_gene_variant,MODIFIER,SLC25A21,ENSG00000183032,Transcript,ENST00000331299.5,protein_coding,-,-,-,-,-,-,-,-,-,rs886050495,1786,-1,-,HGNC,14411,-,-,-,-,-,-,uncertain_significance,-,1,-,-,-,-,-
NM_006194.3(PAX9):c.*1051T>G,14:37146708-37146708,G,3_prime_UTR_variant,MODIFIER,PAX9,ENSG00000198807,Transcript,ENST00000361487.6,protein_coding,4-Apr,-,-,-,2302,-,-,-,-,rs886050495,-,1,-,HGNC,8623,-,-,-,-,-,-,uncertain_significance,-,1,-,-,-,-,-
NM_006194.3(PAX9):c.*1051T>G,14:37146708-37146708,G,3_prime_UTR_variant,MODIFIER,PAX9,ENSG00000198807,Transcript,ENST00000402703.2,protein_coding,5-May,-,-,-,2803,-,-,-,-,rs886050495,-,1,-,HGNC,8623,-,-,-,-,-,-,uncertain_significance,-,1,-,-,-,-,-
NM_006194.3(PAX9):c.*1051T>G,14:37146708-37146708,G,downstream_gene_variant,MODIFIER,PAX9,ENSG00000198807,Transcript,ENST00000554201.1,protein_coding,-,-,-,-,-,-,-,-,-,rs886050495,1097,1,-,HGNC,8623,-,-,-,-,-,-,uncertain_significance,-,1,-,-,-,-,-
NM_006194.3(PAX9):c.*1051T>G,14:37146708-37146708,G,downstream_gene_variant,MODIFIER,SLC25A21,ENSG00000183032,Transcript,ENST00000555449.1,protein_coding,-,-,-,-,-,-,-,-,-,rs886050495,928,-1,-,HGNC,14411,-,-,-,-,-,-,uncertain_significance,-,1,-,-,-,-,-
NM_006194.3(PAX9):c.*1051T>G,14:37146708-37146708,G,downstream_gene_variant,MODIFIER,PAX9,ENSG00000198807,Transcript,ENST00000557107.1,processed_transcript,-,-,-,-,-,-,-,-,-,rs886050495,1148,1,-,HGNC,8623,-,-,-,-,-,-,uncertain_significance,-,1,-,-,-,-,-